이름,구단,연도,포지션,WAAwithADJ,이닝,RAAwithADJ,수비율,RNG,E+,CS,BLK,ARM
김재호,두산,2019,SS,1.36,993.1,13.15,0.98,7.07,1.14,0.0,0.0,0.0
양의지,두산,2018,C,0.965,861.2,11.0,0.996,-0.14,0.72,1.8,0.19,0.0
박세혁,두산,2019,C,0.833,1071.2,8.09,0.991,-0.03,-0.19,-1.51,0.9,0.0
허경민,두산,2018,3B,0.673,1048.1,7.55,0.978,3.98,1.56,0.0,0.0,0.0
박세혁,두산,2020,C,0.649,881.2,6.86,0.99,-0.45,-0.35,-1.62,1.32,0.0
정수빈,두산,2020,CF,0.64,1161.2,6.79,0.997,3.8,0.36,0.0,0.0,0.52
박세혁,두산,2022,C,0.622,884.0,5.98,0.993,-0.09,0.29,-0.99,-0.52,0.0
박세혁,두산,2021,C,0.591,575.1,5.88,0.993,-0.35,0.05,0.69,0.58,0.0
장승현,두산,2021,C,0.584,505.0,5.83,0.991,0.48,-0.05,1.25,-0.18,0.0
김재호,두산,2020,SS,0.533,960.2,5.65,0.97,0.13,0.28,0.0,0.0,0.0
김인태,두산,2021,RF,0.51,726.0,5.12,1.0,9.16,0.45,0.0,0.0,-0.73
정수빈,두산,2018,CF,0.479,214.2,5.38,0.979,5.84,-0.29,0.0,0.0,-0.59
정수빈,두산,2019,CF,0.476,1012.2,4.6,0.99,5.06,0.03,0.0,0.0,-2.17
김재호,두산,2021,SS,0.417,543.0,4.14,0.985,0.08,1.29,0.0,0.0,0.0
조수행,두산,2021,CF,0.412,276.0,4.15,0.99,4.35,-0.06,0.0,0.0,0.32
허경민,두산,2020,3B,0.4,987.0,4.28,0.971,0.83,1.22,0.0,0.0,0.0
강승호,두산,2022,2B,0.381,1005.2,3.68,0.976,2.77,-0.17,0.0,0.0,0.0
류지혁,두산,2018,SS,0.375,620.0,4.17,0.987,1.1,1.02,0.0,0.0,0.0
허경민,두산,2019,3B,0.364,1083.0,3.52,0.972,0.24,1.48,0.0,0.0,0.0
박세혁,두산,2018,C,0.345,421.1,3.86,0.994,0.14,0.2,0.06,0.06,0.22
김재호,두산,2022,SS,0.338,614.0,3.23,0.981,-0.88,1.2,0.0,0.0,0.0
강승호,두산,2021,2B,0.332,761.1,3.32,0.98,1.83,0.4,0.0,0.0,0.0
백동훈,두산,2019,RF,0.295,139.0,2.82,1.0,3.44,0.09,0.0,0.0,-0.37
김재호,두산,2018,SS,0.262,939.0,2.96,0.974,-3.11,0.62,0.0,0.0,0.0
정상호,두산,2020,C,0.241,223.1,2.5,0.99,1.09,-0.08,-0.51,0.01,0.0
박건우,두산,2019,RF,0.207,1002.1,2.04,0.988,7.79,0.19,0.0,0.0,-1.24
김인태,두산,2019,LF,0.2,160.0,1.92,1.0,3.56,0.1,0.0,0.0,-0.95
오재원,두산,2020,2B,0.197,367.2,2.08,0.976,1.65,-0.15,0.0,0.0,0.0
장승현,두산,2019,C,0.177,119.0,1.69,1.0,0.23,0.16,0.26,0.07,0.0
김대한,두산,2019,CF,0.176,52.0,1.68,0.957,1.13,-0.17,0.0,0.0,0.66
장승현,두산,2022,C,0.167,260.1,1.6,0.981,-0.12,-0.42,-0.17,0.17,0.0
오재원,두산,2018,2B,0.163,1026.0,1.84,0.973,1.28,-0.73,0.0,0.0,0.0
안승한,두산,2022,C,0.154,96.0,1.49,1.0,0.37,0.14,0.6,-0.41,0.0
이흥련,두산,2019,C,0.113,91.0,1.09,1.0,0.0,0.12,0.06,0.16,0.0
양찬열,두산,2020,RF,0.091,48.2,0.96,1.0,0.08,0.03,0.0,0.0,1.12
최용제,두산,2021,C,0.09,190.0,0.9,0.975,0.01,-0.52,-0.11,-0.11,0.0
정수빈,두산,2021,CF,0.083,731.2,0.83,0.996,-0.48,0.15,0.0,0.0,-0.1
최용제,두산,2020,C,0.068,116.1,0.72,0.965,0.04,-0.43,0.25,-0.12,0.0
백동훈,두산,2020,RF,0.06,55.0,0.64,0.955,0.98,-0.17,0.0,0.0,0.01
신성현,두산,2022,LF,0.06,49.2,0.57,0.882,0.61,-0.36,0.0,0.0,0.58
정병곤,두산,2019,2B,0.057,77.2,0.54,0.976,0.35,-0.0,0.0,0.0,0.0
박계범,두산,2021,SS,0.056,831.1,0.56,0.971,-2.67,0.5,0.0,0.0,0.0
김인태,두산,2020,LF,0.052,173.2,0.55,1.0,1.65,0.1,0.0,0.0,-0.25
전민재,두산,2018,2B,0.052,22.0,0.58,1.0,0.48,0.06,0.0,0.0,0.0
장승현,두산,2018,C,0.051,42.1,0.57,1.0,0.0,0.06,-0.03,0.13,0.0
이병휘,두산,2019,2B,0.037,28.2,0.36,0.923,0.44,-0.13,0.0,0.0,0.0
이유찬,두산,2020,3B,0.037,279.2,0.4,0.954,0.04,-0.4,0.0,0.0,0.0
김민혁,두산,2018,1B,0.033,49.1,0.36,1.0,0.66,0.09,0.0,0.0,0.0
장승현,두산,2020,C,0.027,62.1,0.29,1.0,0.0,0.09,-0.43,0.06,0.0
류지혁,두산,2019,SS,0.025,691.0,0.25,0.969,-1.02,-0.33,0.0,0.0,-0.12
국해성,두산,2021,RF,0.025,13.0,0.25,1.0,0.32,0.01,0.0,0.0,-0.02
전민재,두산,2019,3B,0.021,1.0,0.2,1.0,0.19,0.0,0.0,0.0,0.0
김경호,두산,2019,LF,0.02,74.0,0.19,1.0,0.61,0.04,0.0,0.0,-0.25
박건우,두산,2018,CF,0.014,966.2,0.15,0.996,2.4,0.33,0.0,0.0,-2.98
이병휘,두산,2018,2B,0.009,47.2,0.11,1.0,-0.16,0.13,0.0,0.0,0.0
이흥련,두산,2020,C,0.007,5.0,0.07,1.0,0.0,0.01,0.0,0.02,0.0
오명진,두산,2020,2B,0.004,4.0,0.04,1.0,0.02,0.01,0.0,0.0,0.0
이흥련,두산,2018,C,0.003,18.0,0.03,1.0,0.0,0.03,0.02,-0.18,0.0
이유찬,두산,2019,DH,0.002,5.0,0.02,1.0,0.0,0.01,0.0,0.0,0.0
최용제,두산,2022,C,0.001,1.0,0.01,1.0,0.0,0.0,0.0,0.0,0.0
신성현,두산,2019,1B,0.001,115.1,0.01,0.978,0.33,-0.23,0.0,0.0,0.53
김민혁,두산,2021,1B,-0.001,3.0,-0.01,1.0,-0.0,0.01,0.0,0.0,0.0
서예일,두산,2020,2B,-0.004,96.2,-0.04,0.93,0.01,-0.33,0.0,0.0,0.0
안재석,두산,2022,SS,-0.006,577.0,-0.06,0.955,-1.66,-0.86,0.0,0.0,0.0
신성현,두산,2020,1B,-0.006,9.0,-0.07,1.0,0.0,0.01,0.0,0.0,0.0
오재원,두산,2022,2B,-0.007,79.2,-0.06,1.0,-0.03,0.19,0.0,0.0,0.0
국해성,두산,2018,RF,-0.009,43.0,-0.1,1.0,0.12,0.03,0.0,0.0,0.0
이승민,두산,2020,C,-0.01,2.0,-0.1,1.0,0.0,0.0,0.0,-0.12,0.0
서예일,두산,2019,3B,-0.01,15.1,-0.1,1.0,-0.17,0.04,0.0,0.0,0.0
박유연,두산,2019,C,-0.011,2.0,-0.11,1.0,0.0,0.0,0.0,-0.13,0.0
박유연,두산,2022,C,-0.014,32.0,-0.13,1.0,0.0,0.05,-0.18,-0.27,0.0
허경민,두산,2022,3B,-0.015,978.1,-0.14,0.964,-2.68,0.91,0.0,0.0,0.0
최원준,두산,2019,DH,-0.016,54.1,-0.16,0.9,-0.1,-0.08,0.0,0.02,0.0
황경태,두산,2021,2B,-0.018,4.0,-0.18,0.667,-0.0,-0.19,0.0,0.0,0.0
박지훈,두산,2020,1B,-0.019,8.0,-0.2,1.0,-0.18,0.02,0.0,0.0,0.0
양찬열,두산,2022,RF,-0.025,195.0,-0.24,0.979,1.27,-0.05,0.0,0.0,-0.49
박지훈,두산,2021,1B,-0.027,37.2,-0.27,1.0,-0.28,0.09,0.0,0.0,0.07
백동훈,두산,2021,CF,-0.028,10.1,-0.28,1.0,-0.33,0.01,0.0,0.0,0.04
서예일,두산,2021,3B,-0.034,10.0,-0.34,0.75,-0.2,-0.17,0.0,0.0,0.0
권민석,두산,2022,3B,-0.038,21.1,-0.36,1.0,-0.37,0.06,0.0,0.0,0.0
안권수,두산,2021,RF,-0.039,166.2,-0.39,1.0,0.65,0.1,0.0,0.0,-0.47
전민재,두산,2022,SS,-0.039,110.1,-0.38,0.966,-0.86,0.01,0.0,0.0,0.0
백동훈,두산,2018,RF,-0.05,69.2,-0.56,1.0,0.02,0.05,0.0,0.0,-0.34
조수행,두산,2020,RF,-0.058,132.2,-0.61,0.968,-0.07,-0.12,0.0,0.0,0.16
전민재,두산,2021,2B,-0.058,12.0,-0.59,0.833,-0.44,-0.17,0.0,0.0,0.0
안권수,두산,2020,LF,-0.06,140.2,-0.63,1.0,-0.93,0.08,0.0,0.0,0.8
반슬라이크,두산,2018,RF,-0.066,68.0,-0.72,0.944,0.28,-0.33,0.0,0.0,-0.19
양종민,두산,2018,2B,-0.069,35.1,-0.78,0.958,-0.64,-0.11,0.0,0.0,0.0
오명진,두산,2021,3B,-0.069,5.0,-0.7,1.0,-0.72,0.01,0.0,0.0,0.0
황경태,두산,2018,3B,-0.076,44.1,-0.85,0.952,-0.76,-0.09,0.0,0.0,0.0
김태근,두산,2022,CF,-0.077,16.1,-0.8,1.0,-0.83,0.01,0.0,0.0,-0.02
신성현,두산,2018,1B,-0.082,56.0,-0.9,0.98,-0.36,-0.1,0.0,0.0,0.0
파레디스,두산,2018,RF,-0.082,117.2,-0.89,0.978,-0.33,-0.1,0.0,0.0,0.29
권민석,두산,2021,2B,-0.082,54.0,-0.83,0.96,-0.71,-0.06,0.0,0.0,-0.0
강현구,두산,2022,LF,-0.085,11.2,-0.85,0.5,-0.2,-0.39,0.0,0.0,-0.2
홍성호,두산,2022,RF,-0.085,30.0,-0.82,1.0,-0.55,0.02,0.0,0.0,-0.17
박계범,두산,2022,3B,-0.086,394.2,-0.83,0.949,-1.48,-0.36,0.0,0.0,0.0
이우성,두산,2018,LF,-0.098,134.0,-1.1,0.971,0.42,-0.11,0.0,0.0,-0.63
강진성,두산,2022,1B,-0.099,178.2,-0.95,1.0,0.31,0.29,0.0,0.0,-0.23
페르난데스,두산,2020,1B,-0.1,191.2,-1.08,0.995,0.59,0.1,0.0,0.0,0.0
조수행,두산,2022,LF,-0.104,355.1,-1.0,1.0,0.43,0.25,0.0,0.0,-0.48
박건우,두산,2020,RF,-0.111,963.0,-1.19,0.992,2.29,0.17,0.0,0.0,1.21
최주환,두산,2019,2B,-0.115,522.0,-1.11,0.99,-2.32,0.59,0.0,0.0,0.0
이유찬,두산,2022,SS,-0.116,68.1,-1.12,0.897,-0.98,-0.36,0.0,0.0,-0.0
서예일,두산,2022,2B,-0.117,80.2,-1.12,0.919,-0.9,-0.37,0.0,0.0,0.0
오재원,두산,2019,2B,-0.126,484.0,-1.22,0.976,-1.69,-0.3,0.0,0.0,0.0
오재원,두산,2021,2B,-0.132,168.0,-1.32,0.983,-2.02,0.0,0.0,0.0,0.83
신성현,두산,2021,3B,-0.139,30.0,-1.4,1.0,-1.39,0.08,0.0,0.0,0.0
류지혁,두산,2020,3B,-0.144,76.1,-1.55,0.912,-1.37,-0.38,0.0,0.0,0.0
국해성,두산,2019,RF,-0.157,80.0,-1.52,0.905,-0.02,-0.34,0.0,0.0,-0.75
페르난데스,두산,2019,1B,-0.158,117.0,-1.57,0.973,-0.19,-0.39,0.0,0.0,0.0
정진호,두산,2018,RF,-0.168,635.0,-1.87,1.0,1.54,0.43,0.0,0.0,-0.55
최주환,두산,2018,2B,-0.192,266.1,-2.19,0.983,-1.72,0.03,0.0,0.0,0.0
페르난데스,두산,2022,1B,-0.198,243.0,-1.92,0.992,0.04,0.07,0.0,0.0,0.0
김대한,두산,2022,RF,-0.204,273.1,-1.98,1.0,-1.08,0.21,0.0,0.0,-0.08
김인태,두산,2018,RF,-0.205,209.1,-2.29,0.98,0.15,-0.07,0.0,0.0,-1.18
김민혁,두산,2022,1B,-0.211,126.1,-2.07,0.983,-0.8,-0.15,-0.06,-0.24,0.0
정진호,두산,2019,RF,-0.218,271.1,-2.1,1.0,-1.13,0.18,0.0,0.0,-0.33
조수행,두산,2018,CF,-0.229,487.1,-2.55,0.993,-0.29,0.09,0.0,0.0,-1.38
정수빈,두산,2022,CF,-0.266,979.2,-2.56,0.997,-4.31,0.44,0.0,0.0,-0.3
안권수,두산,2022,RF,-0.274,511.2,-2.66,0.946,1.08,-1.01,0.0,0.0,-1.06
안재석,두산,2021,SS,-0.295,481.1,-2.97,0.947,-4.07,-0.91,0.0,0.0,0.0
최주환,두산,2020,2B,-0.302,1059.0,-3.24,0.983,-4.52,0.48,0.0,0.0,0.0
페르난데스,두산,2021,1B,-0.307,140.0,-3.13,0.974,-1.57,-0.34,0.0,0.0,0.0
송승환,두산,2022,LF,-0.342,60.0,-3.37,1.0,-2.41,0.04,0.0,0.0,-0.69
박건우,두산,2021,RF,-0.344,933.0,-3.52,0.996,0.52,0.35,0.0,0.0,-2.02
김재환,두산,2019,LF,-0.354,1010.0,-3.46,1.0,1.68,0.52,0.0,0.0,-0.58
권민석,두산,2020,3B,-0.385,163.2,-4.09,0.966,-4.46,0.06,0.0,0.0,0.0
국해성,두산,2020,RF,-0.45,166.0,-4.78,0.975,-4.15,-0.1,0.0,0.0,0.39
오재일,두산,2018,1B,-0.453,939.2,-5.11,0.996,3.27,0.7,0.0,0.0,0.0
김인태,두산,2022,RF,-0.528,490.0,-5.13,0.982,-0.41,-0.03,0.0,0.0,-2.32
허경민,두산,2021,3B,-0.55,984.2,-5.55,0.969,-8.72,1.47,0.0,0.0,0.0
김재환,두산,2022,LF,-0.832,825.2,-8.15,0.985,-1.86,-0.06,0.0,0.0,-2.07
양석환,두산,2021,1B,-0.927,1014.1,-9.42,0.991,-0.89,0.31,0.0,0.0,0.0
오재일,두산,2020,1B,-1.008,927.1,-10.86,0.997,-3.16,0.86,0.0,0.0,0.0
오재일,두산,2019,1B,-1.016,1044.0,-10.02,0.996,-2.26,1.06,0.0,0.0,0.0
양석환,두산,2022,1B,-1.149,685.0,-11.2,0.986,-4.78,-0.69,0.0,0.0,0.0
김재환,두산,2018,LF,-1.171,926.2,-13.5,0.979,-10.58,-0.05,0.0,0.0,2.61
김재환,두산,2021,LF,-1.434,948.0,-14.75,0.981,-6.09,-0.37,0.0,0.0,-3.27
김재환,두산,2020,LF,-1.462,1014.2,-15.84,0.992,-8.69,0.17,0.0,0.0,-1.67
박해민,삼성,2020,CF,1.683,1055.1,17.72,1.0,16.79,0.55,0.0,0.0,-1.13
박해민,삼성,2019,CF,1.332,1162.1,12.74,0.995,11.54,0.35,0.0,0.0,-0.9
김상수,삼성,2018,SS,1.112,989.0,12.24,0.966,6.66,-0.02,0.0,0.0,0.0
김헌곤,삼성,2019,LF,0.921,970.0,8.86,1.0,9.21,0.51,0.0,0.0,3.59
강민호,삼성,2020,C,0.894,862.2,9.53,0.988,-1.17,-0.37,1.95,1.25,0.0
강민호,삼성,2022,C,0.822,714.1,7.93,0.993,0.03,0.24,0.56,1.19,0.0
강민호,삼성,2021,C,0.819,934.0,8.29,0.992,-0.45,-0.01,-0.3,0.95,0.0
강민호,삼성,2019,C,0.769,842.0,7.43,0.989,-0.46,-0.49,0.22,1.19,0.0
강민호,삼성,2018,C,0.756,857.2,8.43,0.99,-0.71,-0.28,-0.2,1.43,0.0
박해민,삼성,2021,CF,0.718,1004.1,7.24,0.997,7.01,0.3,0.0,0.0,-1.65
김태군,삼성,2022,C,0.607,390.0,5.85,0.997,0.56,0.37,1.47,0.23,0.0
박해민,삼성,2018,CF,0.509,1200.2,5.69,0.994,3.5,0.24,0.0,0.0,-0.33
김성훈,삼성,2018,2B,0.42,499.0,4.66,0.984,2.19,0.66,0.0,0.0,0.0
이학주,삼성,2020,SS,0.404,483.1,4.24,0.985,0.98,0.65,0.0,0.0,0.0
구자욱,삼성,2020,LF,0.37,835.0,3.95,0.991,6.84,0.08,0.0,0.0,1.62
김상수,삼성,2021,2B,0.37,1039.0,3.67,0.98,1.59,0.31,0.0,0.0,0.0
김상수,삼성,2019,2B,0.353,993.0,3.43,0.983,1.5,0.27,0.0,0.0,0.0
구자욱,삼성,2021,RF,0.338,1085.0,3.44,0.988,4.63,0.12,0.0,0.0,4.37
이지영,삼성,2018,C,0.326,389.1,3.65,0.99,0.5,-0.2,-0.95,0.56,0.0
박승규,삼성,2022,CF,0.316,200.0,3.02,1.0,3.41,0.14,0.0,0.0,-0.38
박승규,삼성,2020,RF,0.278,440.0,2.92,1.0,3.01,0.24,0.0,0.0,0.86
김지찬,삼성,2021,SS,0.223,762.1,2.23,0.948,-0.08,-1.06,0.0,0.0,0.0
김도환,삼성,2019,C,0.222,299.2,2.14,0.995,0.37,0.19,-0.49,-0.41,0.0
김지찬,삼성,2020,2B,0.213,656.2,2.24,0.971,0.54,-0.33,0.0,0.0,0.04
김응민,삼성,2020,C,0.196,212.1,2.05,0.989,0.17,-0.1,-0.16,0.23,0.0
안주형,삼성,2022,2B,0.195,55.0,1.84,1.0,1.6,0.15,0.0,0.0,0.0
강한울,삼성,2018,2B,0.194,501.2,2.15,0.985,0.65,0.54,0.0,0.0,0.0
박승규,삼성,2021,LF,0.174,165.2,1.73,1.0,2.79,0.08,0.0,0.0,-0.71
김민수,삼성,2021,C,0.155,201.1,1.56,0.984,-0.1,-0.3,0.68,-0.45,0.0
김재성,삼성,2022,C,0.133,171.2,1.3,0.986,0.38,-0.15,-0.19,-0.18,0.0
김민수,삼성,2019,C,0.113,104.1,1.08,1.0,0.15,0.14,0.06,-0.12,0.0
박승규,삼성,2019,CF,0.109,62.0,1.04,1.0,1.14,0.04,0.0,0.0,-0.06
김민수,삼성,2020,C,0.1,68.0,1.04,1.0,0.14,0.1,0.11,0.09,0.0
김헌곤,삼성,2020,RF,0.097,615.0,1.02,0.995,2.41,0.16,0.0,0.0,1.61
이원석,삼성,2018,3B,0.095,1012.2,1.07,0.971,-1.33,1.0,0.0,0.0,0.0
조동찬,삼성,2018,1B,0.086,79.0,0.95,1.0,1.42,0.14,0.0,0.0,0.0
김호재,삼성,2020,3B,0.085,315.0,0.9,0.964,0.03,0.11,0.0,0.0,0.0
윤정빈,삼성,2022,RF,0.072,20.0,0.68,1.0,0.64,0.02,0.0,0.0,0.14
최선호,삼성,2019,LF,0.067,28.0,0.64,1.0,1.03,0.02,0.0,0.0,-0.27
김도환,삼성,2021,C,0.067,113.2,0.66,0.989,0.05,-0.03,-0.31,-0.01,0.0
최영진,삼성,2018,1B,0.049,257.1,0.54,0.981,1.62,-0.04,0.0,0.0,0.0
김도환,삼성,2020,C,0.043,123.2,0.46,0.99,0.01,-0.02,0.03,-0.67,0.0
이성곤,삼성,2019,RF,0.037,40.0,0.35,1.0,-0.13,0.03,0.0,0.0,0.65
김민수,삼성,2018,C,0.035,14.1,0.38,1.0,0.0,0.02,0.16,0.07,0.0
송준석,삼성,2020,RF,0.028,76.0,0.3,1.0,0.78,0.05,0.0,0.0,-0.11
송준석,삼성,2018,LF,0.026,5.0,0.29,1.0,0.27,0.0,0.0,0.0,0.04
이병헌,삼성,2022,C,0.026,11.0,0.26,1.0,0.0,0.02,0.17,-0.02,0.0
김동진,삼성,2022,2B,0.024,7.0,0.23,1.0,0.2,0.02,0.0,0.0,0.0
이태훈,삼성,2022,1B,0.024,10.0,0.23,1.0,0.29,0.02,0.0,0.0,0.0
정병곤,삼성,2018,SS,0.024,42.0,0.25,1.0,-0.11,0.13,0.0,0.0,0.0
이성규,삼성,2022,1B,0.02,24.0,0.19,1.0,0.35,0.04,0.0,0.0,-0.01
김응민,삼성,2019,C,0.02,29.1,0.2,1.0,0.0,0.04,0.0,-0.08,0.0
김호재,삼성,2022,2B,0.019,67.0,0.18,0.947,0.41,-0.22,0.0,0.0,0.0
김재현,삼성,2019,2B,0.012,13.0,0.11,1.0,0.05,0.03,0.0,0.0,0.0
권정웅,삼성,2018,C,0.009,23.0,0.1,1.0,0.0,0.04,-0.19,0.04,0.0
김재현,삼성,2018,SS,0.007,4.0,0.08,1.0,0.05,0.01,0.0,0.0,0.0
강한울,삼성,2022,3B,0.005,498.1,0.05,0.952,-0.61,-0.31,0.0,0.0,0.0
권정웅,삼성,2021,C,0.004,3.0,0.04,1.0,-0.0,0.0,0.0,0.01,0.0
이성규,삼성,2019,SS,0.004,82.0,0.04,0.923,0.14,-0.36,0.0,0.0,0.0
양우현,삼성,2020,2B,0.004,55.0,0.04,0.897,0.41,-0.46,0.0,0.0,0.0
안주형,삼성,2021,2B,0.003,1.0,0.03,1.0,0.03,0.0,0.0,0.0,0.0
김영웅,삼성,2022,3B,0.002,35.0,0.02,0.889,0.01,-0.08,0.0,0.0,0.0
이성곤,삼성,2021,1B,0.001,5.0,0.01,1.0,0.05,0.01,0.0,0.0,0.0
김성훈,삼성,2019,2B,-0.001,192.2,-0.01,0.971,-0.53,-0.1,0.0,0.0,0.13
김호재,삼성,2019,SS,-0.001,79.0,-0.01,1.0,-0.46,0.22,0.0,0.0,0.0
송준석,삼성,2021,LF,-0.003,92.0,-0.03,1.0,0.72,0.04,0.0,0.0,-0.32
백승민,삼성,2021,1B,-0.003,5.0,-0.03,1.0,-0.0,0.01,0.0,0.0,0.0
손주인,삼성,2018,2B,-0.005,666.1,-0.05,0.985,-2.11,0.8,0.0,0.0,0.0
백상원,삼성,2018,2B,-0.008,13.0,-0.09,1.0,-0.15,0.03,0.0,0.0,0.0
김응민,삼성,2021,C,-0.009,7.0,-0.09,1.0,-0.0,0.01,-0.19,0.03,0.0
백승민,삼성,2020,1B,-0.01,23.0,-0.1,1.0,0.07,0.04,0.0,0.0,0.0
김성윤,삼성,2020,LF,-0.01,19.1,-0.11,1.0,0.15,0.01,0.0,0.0,-0.2
최영진,삼성,2022,3B,-0.012,155.0,-0.11,0.988,-0.02,0.2,0.0,0.0,0.0
김재혁,삼성,2022,LF,-0.013,82.1,-0.12,1.0,0.3,0.06,0.0,0.0,-0.11
이현동,삼성,2019,RF,-0.013,7.0,-0.12,0.667,0.21,-0.19,0.0,0.0,-0.11
권정웅,삼성,2020,C,-0.015,5.2,-0.16,1.0,-0.18,0.01,0.0,-0.04,0.0
김동엽,삼성,2022,LF,-0.016,45.0,-0.15,1.0,0.46,0.03,0.0,0.0,-0.42
공민규,삼성,2022,1B,-0.018,45.0,-0.17,0.947,0.32,-0.29,0.0,0.0,0.0
최원제,삼성,2018,1B,-0.018,18.0,-0.2,1.0,-0.06,0.03,0.0,0.0,0.0
안주형,삼성,2018,2B,-0.028,13.0,-0.31,0.833,-0.18,-0.16,0.0,0.0,0.0
김지찬,삼성,2022,2B,-0.029,833.1,-0.28,0.957,0.06,-2.05,0.0,0.0,0.0
김현준,삼성,2021,RF,-0.031,17.2,-0.31,1.0,-0.27,0.01,0.0,0.0,0.03
이학주,삼성,2019,SS,-0.037,938.1,-0.36,0.959,-4.16,-0.84,0.0,0.0,0.0
박한이,삼성,2019,RF,-0.041,64.1,-0.4,0.933,0.06,-0.15,0.0,0.0,0.01
조민성,삼성,2022,1B,-0.044,40.0,-0.43,0.972,0.0,-0.13,0.0,0.0,0.01
이재현,삼성,2022,SS,-0.05,566.1,-0.48,0.954,-2.51,-0.15,0.0,0.0,0.0
이성곤,삼성,2018,RF,-0.054,13.0,-0.6,1.0,-0.57,0.01,0.0,0.0,0.04
김성윤,삼성,2022,CF,-0.054,117.0,-0.53,0.963,-0.95,-0.12,0.0,0.0,0.62
백승민,삼성,2019,1B,-0.059,53.0,-0.56,0.984,-0.02,-0.11,0.0,0.0,0.0
김성표,삼성,2020,CF,-0.063,26.0,-0.67,1.0,-0.22,0.01,0.0,0.0,-0.43
김성표,삼성,2021,CF,-0.075,72.0,-0.75,0.944,-1.1,-0.17,0.0,0.0,0.43
김호재,삼성,2018,SS,-0.086,27.0,-0.96,0.714,-0.78,-0.32,0.0,0.0,0.0
김현준,삼성,2022,CF,-0.098,868.0,-0.95,0.988,-1.21,-0.02,0.0,0.0,-0.71
최영진,삼성,2020,3B,-0.098,245.2,-1.04,0.977,-0.51,0.01,0.0,0.0,-0.06
김동엽,삼성,2021,LF,-0.099,193.2,-0.98,0.976,-0.32,-0.11,0.0,0.0,0.44
김성표,삼성,2022,CF,-0.105,49.0,-1.01,1.0,-0.82,0.03,0.0,0.0,-0.29
이원석,삼성,2019,3B,-0.107,722.0,-1.04,0.929,-1.7,-0.54,0.0,0.0,0.0
김재현,삼성,2020,SS,-0.11,63.0,-1.17,0.964,-1.4,-0.02,0.0,0.0,0.0
최영진,삼성,2021,3B,-0.122,122.2,-1.23,1.0,-1.13,0.31,0.0,0.0,0.0
백승민,삼성,2018,1B,-0.125,64.0,-1.39,0.982,-0.68,-0.1,0.0,0.0,0.0
박한이,삼성,2018,RF,-0.14,284.0,-1.56,1.0,0.48,0.19,0.0,0.0,-0.59
이원석,삼성,2022,3B,-0.148,447.0,-1.43,0.975,-0.43,-0.05,0.0,0.0,0.0
김헌곤,삼성,2021,LF,-0.155,814.1,-1.56,0.995,-1.19,0.2,0.0,0.0,2.81
박계범,삼성,2019,SS,-0.161,415.1,-1.57,0.953,-2.38,-0.6,0.0,0.0,0.0
피렐라,삼성,2022,LF,-0.161,1031.1,-1.6,0.979,1.84,-0.33,0.0,0.0,2.16
김동엽,삼성,2020,LF,-0.163,231.0,-1.74,0.971,0.14,-0.27,0.0,0.0,-0.34
이학주,삼성,2021,SS,-0.167,401.2,-1.67,0.951,-3.07,-0.66,0.0,0.0,0.0
강한울,삼성,2020,SS,-0.175,243.1,-1.87,0.978,-3.26,0.32,0.0,0.0,0.0
오선진,삼성,2021,SS,-0.188,114.0,-1.88,0.957,-2.5,0.03,0.0,0.0,0.0
오선진,삼성,2022,3B,-0.196,639.1,-1.88,0.96,-3.56,0.03,0.0,0.0,0.0
공민규,삼성,2019,1B,-0.198,119.0,-1.93,0.979,-0.75,-0.19,0.0,0.0,0.0
김상수,삼성,2020,2B,-0.207,817.1,-2.22,0.985,-4.21,0.49,0.0,0.0,0.0
송준석,삼성,2022,RF,-0.207,61.0,-1.98,1.0,-1.57,0.05,0.0,0.0,-0.15
이성규,삼성,2020,1B,-0.217,539.1,-2.27,0.982,2.04,-0.6,0.0,0.0,-0.0
배영섭,삼성,2018,LF,-0.233,187.0,-2.59,0.973,-0.03,-0.05,0.0,0.0,-1.46
김호재,삼성,2021,1B,-0.235,213.0,-2.36,0.985,-1.86,0.15,0.0,0.0,0.0
김동엽,삼성,2019,LF,-0.244,130.1,-2.34,0.968,-0.69,-0.13,0.0,0.0,-0.87
이성곤,삼성,2020,1B,-0.246,165.2,-2.61,0.985,-2.04,-0.18,0.0,0.0,0.96
이원석,삼성,2021,3B,-0.25,870.0,-2.51,0.983,-4.24,1.55,0.0,0.0,0.0
송준석,삼성,2019,LF,-0.25,116.0,-2.42,0.973,-1.22,-0.13,0.0,0.0,-0.58
이해승,삼성,2022,SS,-0.255,261.1,-2.44,0.931,-2.87,-0.78,0.0,0.0,0.0
박찬도,삼성,2019,RF,-0.255,92.2,-2.48,1.0,-1.35,0.07,0.0,0.0,-0.8
박찬도,삼성,2018,RF,-0.258,196.2,-2.88,1.0,-2.99,0.12,0.0,0.0,0.81
구자욱,삼성,2019,RF,-0.282,870.1,-2.73,0.991,-0.31,0.29,0.0,0.0,1.62
김성윤,삼성,2021,RF,-0.287,51.2,-2.89,0.846,-2.02,-0.37,0.0,0.0,-0.36
박계범,삼성,2020,SS,-0.292,401.1,-3.06,0.957,-4.34,-0.19,0.0,0.0,0.0
강한울,삼성,2021,3B,-0.293,550.2,-2.94,0.951,-4.23,-0.04,0.0,0.0,0.0
손주인,삼성,2019,1B,-0.31,88.2,-2.99,0.939,-2.18,-0.61,0.0,0.0,0.0
박찬도,삼성,2020,LF,-0.313,263.0,-3.3,1.0,-1.82,0.15,0.0,0.0,-0.33
구자욱,삼성,2018,RF,-0.406,789.2,-4.61,0.978,-4.06,-0.32,0.0,0.0,4.37
살라디노,삼성,2020,LF,-0.445,318.0,-4.82,0.965,-2.91,-0.41,0.0,0.0,-0.51
피렐라,삼성,2021,LF,-0.453,295.1,-4.62,1.0,-4.01,0.14,0.0,0.0,0.81
러프,삼성,2019,1B,-0.494,780.1,-4.86,0.993,1.33,0.39,0.0,0.0,0.0
팔카,삼성,2020,1B,-0.544,196.0,-5.72,0.978,-3.98,-0.2,0.0,0.0,-0.17
오재일,삼성,2021,1B,-0.574,936.0,-5.83,0.998,0.96,1.36,0.0,0.0,0.0
최영진,삼성,2019,3B,-0.576,611.2,-5.56,0.979,-3.76,-0.14,0.0,0.0,0.0
러프,삼성,2018,1B,-0.614,953.1,-7.0,0.994,2.0,0.32,0.0,0.0,0.0
김상수,삼성,2022,SS,-0.635,518.1,-6.14,0.969,-8.1,0.01,0.0,0.0,0.0
김헌곤,삼성,2022,CF,-0.677,545.2,-6.43,1.0,-7.46,0.39,0.0,0.0,1.79
윌리엄슨,삼성,2019,RF,-0.754,296.1,-7.39,0.977,-4.9,-0.2,0.0,0.0,-0.91
이원석,삼성,2020,3B,-0.859,823.0,-9.14,0.977,-6.35,-0.05,0.0,0.0,0.0
구자욱,삼성,2022,RF,-0.864,838.2,-8.41,0.977,-4.7,-0.12,0.0,0.0,0.61
김헌곤,삼성,2018,LF,-0.879,1177.1,-9.85,1.0,-8.46,0.93,0.0,0.0,4.17
오재일,삼성,2022,1B,-0.963,949.0,-9.4,0.995,-2.28,0.82,0.0,0.0,0.0
노진혁,NC,2019,SS,1.282,800.0,12.38,0.986,8.0,1.43,0.0,0.0,0.0
김성욱,NC,2018,CF,1.241,788.0,13.72,1.0,7.45,0.42,0.0,0.0,4.36
박민우,NC,2019,2B,1.166,928.1,11.41,0.983,9.53,0.32,0.0,0.0,0.0
김주원,NC,2022,SS,1.053,731.1,10.14,0.973,6.25,0.58,0.0,0.0,0.0
양의지,NC,2020,C,1.001,792.0,10.81,0.997,-0.14,0.73,2.48,0.42,0.0
양의지,NC,2022,C,0.992,736.2,9.7,0.997,2.14,0.68,1.21,-0.51,0.0
김태진,NC,2019,LF,0.811,720.0,7.78,0.988,6.05,0.24,0.0,0.0,2.4
양의지,NC,2019,C,0.765,723.1,7.63,0.997,-0.04,0.55,0.67,0.26,0.0
김태군,NC,2021,C,0.702,666.0,7.0,0.99,0.52,-0.21,0.72,0.28,0.0
박민우,NC,2020,2B,0.699,943.2,7.49,0.981,5.58,0.18,0.0,0.0,0.0
정범모,NC,2018,C,0.697,619.2,7.67,0.993,1.07,0.15,0.69,-0.08,0.0
이명기,NC,2019,RF,0.59,433.1,5.68,0.991,6.12,0.04,0.0,0.0,0.8
노진혁,NC,2021,SS,0.574,782.1,5.8,0.973,1.51,1.2,0.0,0.0,0.0
서호철,NC,2022,2B,0.448,496.2,4.28,0.977,3.22,0.38,0.0,0.0,0.0
김기환,NC,2022,CF,0.441,322.1,4.23,0.977,3.94,-0.19,0.0,0.0,0.7
노진혁,NC,2020,SS,0.427,1005.0,4.55,0.981,-1.96,1.22,0.0,0.0,0.0
손시헌,NC,2018,SS,0.397,391.1,4.38,0.986,1.5,0.66,0.0,0.0,0.0
김성욱,NC,2019,CF,0.392,775.0,3.77,0.99,3.18,0.09,0.0,0.0,-0.48
지석훈,NC,2020,3B,0.349,382.2,3.67,0.973,2.61,0.07,0.0,0.0,0.0
김찬형,NC,2019,SS,0.325,372.1,3.14,0.983,0.84,0.56,0.0,0.0,0.0
김태군,NC,2020,C,0.324,335.1,3.43,0.991,0.49,-0.12,0.19,-0.18,0.0
김준완,NC,2020,RF,0.321,176.0,3.37,1.0,0.63,0.1,0.0,0.0,3.22
박준영,NC,2021,3B,0.319,697.2,3.18,0.965,0.19,0.62,0.0,0.0,0.0
손시헌,NC,2019,SS,0.316,344.1,3.05,0.974,1.25,0.09,0.0,0.0,0.0
박민우,NC,2022,2B,0.298,840.0,2.88,0.982,0.86,0.63,0.0,0.0,0.0
김성욱,NC,2020,RF,0.298,472.1,3.13,1.0,2.93,0.27,0.0,0.0,1.81
나성범,NC,2018,RF,0.294,1220.0,3.32,0.99,5.06,0.15,0.0,0.0,5.19
김형준,NC,2019,C,0.268,286.2,2.58,0.996,-0.38,0.18,0.81,-0.4,0.0
노진혁,NC,2018,3B,0.251,913.2,2.8,0.96,-0.37,-0.25,0.0,0.0,0.0
박석민,NC,2021,3B,0.25,330.2,2.52,0.932,2.52,-0.57,0.0,0.0,0.0
양의지,NC,2021,C,0.241,302.1,2.48,0.989,-0.16,-0.15,0.64,-0.52,0.0
김기환,NC,2021,LF,0.235,321.0,2.33,0.974,4.47,-0.25,0.0,0.0,-0.26
김응민,NC,2022,C,0.233,179.2,2.2,0.995,0.25,0.06,0.84,-0.41,0.0
이종욱,NC,2018,LF,0.231,257.1,2.52,1.0,1.39,0.2,0.0,0.0,2.05
박대온,NC,2022,C,0.213,338.1,2.02,0.994,-0.71,0.09,0.19,-0.31,0.0
김형준,NC,2020,C,0.2,164.1,2.13,0.994,0.41,0.03,0.49,-0.3,0.0
김찬형,NC,2018,SS,0.189,368.2,2.09,0.972,0.23,0.14,0.0,0.0,0.0
알테어,NC,2021,CF,0.172,1078.2,1.76,0.994,2.54,0.11,0.0,0.0,-2.78
김형준,NC,2018,C,0.149,254.2,1.65,0.979,0.74,-0.61,0.24,-1.13,0.0
김태군,NC,2019,C,0.147,71.1,1.41,1.0,0.0,0.09,0.65,0.08,0.0
도태훈,NC,2018,2B,0.14,87.0,1.55,0.981,1.33,0.04,0.0,0.0,0.0
박석민,NC,2020,3B,0.137,825.2,1.47,0.939,0.22,-0.27,0.0,0.0,0.0
정범모,NC,2019,C,0.127,103.0,1.22,0.99,0.08,-0.06,0.28,0.07,0.0
김주원,NC,2021,SS,0.125,467.2,1.26,0.952,0.01,-0.75,0.0,0.0,0.0
도태훈,NC,2022,3B,0.124,396.0,1.19,0.984,1.82,0.19,0.0,0.0,0.0
지석훈,NC,2021,2B,0.121,114.0,1.21,0.982,0.76,0.15,0.0,0.0,0.0
윤여운,NC,2018,C,0.111,214.1,1.23,0.989,0.17,-0.07,0.15,-1.05,0.0
김한별,NC,2022,SS,0.11,78.2,1.05,0.895,1.17,-0.49,0.0,0.0,0.0
박석민,NC,2018,3B,0.106,189.0,1.19,0.925,1.09,-0.27,0.0,0.0,0.0
도태훈,NC,2020,3B,0.087,35.0,0.91,1.0,0.77,0.1,0.0,0.0,0.0
윤병호,NC,2018,CF,0.086,86.1,0.94,0.958,0.39,-0.14,0.0,0.0,0.82
박광열,NC,2018,C,0.078,88.1,0.87,0.987,0.13,-0.06,0.21,-0.25,0.0
이재율,NC,2020,CF,0.074,31.0,0.79,1.0,0.62,0.02,0.0,0.0,0.19
박대온,NC,2021,C,0.071,234.2,0.71,0.991,-0.2,-0.05,-0.65,-0.39,0.0
윤형준,NC,2022,1B,0.068,121.0,0.65,1.0,1.4,0.23,0.0,0.0,0.0
최정원,NC,2021,2B,0.067,473.0,0.67,0.971,0.2,-0.21,0.0,0.0,-0.02
이재율,NC,2021,LF,0.055,43.0,0.55,1.0,0.87,0.02,0.0,0.0,-0.23
이우성,NC,2019,LF,0.052,116.2,0.5,1.0,0.55,0.06,0.0,0.0,0.47
박민우,NC,2021,2B,0.049,384.0,0.49,0.986,-0.57,0.4,0.0,0.0,0.0
스몰린스키,NC,2019,RF,0.046,455.2,0.45,0.979,0.85,-0.24,0.0,0.0,2.09
노진혁,NC,2022,3B,0.03,906.2,0.29,0.95,-2.63,-0.07,0.0,0.0,0.0
김민수,NC,2021,3B,0.025,17.0,0.25,1.0,0.17,0.05,0.0,0.0,0.0
지석훈,NC,2019,3B,0.023,397.0,0.22,0.97,-0.9,0.13,0.0,0.0,0.0
이상호,NC,2018,2B,0.023,360.0,0.26,0.989,-0.87,0.56,0.0,0.0,0.04
서호철,NC,2020,3B,0.018,10.0,0.18,1.0,0.13,0.03,0.0,0.0,0.0
박석민,NC,2022,3B,0.018,78.0,0.17,0.951,0.52,-0.2,0.0,0.0,0.0
신진호,NC,2018,C,0.018,73.0,0.2,0.967,0.14,-0.29,-0.08,-0.26,0.0
김태진,NC,2020,3B,0.017,183.0,0.16,0.968,-0.14,0.07,0.0,0.0,0.01
김기환,NC,2020,LF,0.016,5.0,0.17,1.0,0.17,0.0,0.0,0.0,0.03
권희동,NC,2020,RF,0.013,784.1,0.13,0.99,0.8,0.06,0.0,0.0,3.5
김종민,NC,2018,C,0.012,13.0,0.13,1.0,0.0,0.02,-0.07,0.06,0.0
이재용,NC,2022,C,0.01,15.0,0.1,0.933,0.0,-0.18,0.29,-0.14,0.0
최우재,NC,2021,LF,0.006,2.0,0.06,1.0,0.07,0.0,0.0,0.0,-0.0
정진기,NC,2022,CF,0.006,115.0,0.06,1.0,0.47,0.08,0.0,0.0,-0.26
조원빈,NC,2018,SS,0.004,2.0,0.05,1.0,0.03,0.01,0.0,0.0,0.0
오장한,NC,2021,RF,0.004,2.0,0.04,1.0,0.07,0.0,0.0,0.0,-0.02
정범모,NC,2021,C,0.003,53.2,0.03,1.0,-0.4,0.08,-0.12,0.02,0.0
김건태,NC,2019,DH,0.002,9.1,0.02,1.0,-0.0,0.02,0.0,0.0,0.0
전민수,NC,2022,LF,0.001,12.0,0.01,1.0,-0.32,0.01,0.0,0.0,0.37
오태양,NC,2021,2B,0.0,1.0,0.0,1.0,-0.0,0.0,0.0,0.0,0.0
강진성,NC,2018,LF,-0.001,137.0,-0.01,1.0,0.95,0.11,0.0,0.0,-0.41
유영준,NC,2020,2B,-0.005,10.0,-0.05,1.0,-0.1,0.03,0.0,0.0,0.0
윤수강,NC,2020,C,-0.006,5.0,-0.06,1.0,0.0,0.01,0.0,-0.11,0.0
박헌욱,NC,2019,CF,-0.006,27.0,-0.06,1.0,-0.36,0.02,0.0,0.0,0.32
정범모,NC,2022,C,-0.007,17.0,-0.07,1.0,0.0,0.02,-0.24,0.0,0.0
최정원,NC,2020,2B,-0.008,100.0,-0.08,0.954,0.02,-0.2,0.0,0.0,0.03
오태양,NC,2022,CF,-0.009,8.0,-0.09,1.0,-0.16,0.01,0.0,0.0,0.04
김수윤,NC,2022,1B,-0.012,41.0,-0.12,0.958,0.14,-0.1,0.0,0.0,0.0
윤여운,NC,2019,C,-0.012,6.0,-0.12,0.8,0.0,-0.19,0.0,0.02,0.0
알테어,NC,2020,CF,-0.014,1094.2,-0.15,0.994,-1.0,0.13,0.0,0.0,-1.3
이재율,NC,2018,LF,-0.02,91.0,-0.22,1.0,0.91,0.07,0.0,0.0,-0.91
최보성,NC,2021,3B,-0.02,34.0,-0.2,0.818,0.03,-0.29,0.0,0.0,0.0
유영준,NC,2019,1B,-0.021,10.0,-0.19,1.0,-0.15,0.02,0.0,0.0,0.0
김준완,NC,2021,CF,-0.022,30.0,-0.22,1.0,0.14,0.02,0.0,0.0,-0.32
나성범,NC,2019,CF,-0.024,201.2,-0.24,1.0,0.32,0.13,0.0,0.0,-0.76
이우성,NC,2018,LF,-0.03,267.1,-0.33,0.942,2.58,-0.59,0.0,0.0,-0.83
모창민,NC,2021,1B,-0.031,16.0,-0.3,1.0,-0.2,0.03,0.0,0.0,0.0
김진형,NC,2019,1B,-0.037,39.0,-0.35,1.0,-0.1,0.07,0.0,0.0,0.0
최준석,NC,2018,1B,-0.041,12.0,-0.45,1.0,-0.36,0.02,0.0,0.0,0.0
이상호,NC,2020,2B,-0.041,206.1,-0.43,0.992,-0.35,0.27,0.0,0.0,0.0
권희동,NC,2021,LF,-0.046,259.2,-0.47,0.982,-0.33,-0.06,0.0,0.0,1.12
손아섭,NC,2022,RF,-0.056,894.2,-0.54,0.985,6.5,0.12,0.0,0.0,-2.72
박민우,NC,2018,2B,-0.064,827.2,-0.72,0.984,-2.92,0.6,0.0,0.0,0.0
최승민,NC,2019,CF,-0.074,24.1,-0.72,1.0,-0.1,0.02,0.0,0.0,-0.68
권희동,NC,2018,LF,-0.088,777.2,-0.99,1.0,3.14,0.55,0.0,0.0,-2.41
이인혁,NC,2019,RF,-0.094,21.0,-0.92,1.0,-0.52,0.02,0.0,0.0,-0.34
박준영,NC,2020,SS,-0.099,104.0,-1.04,0.939,-1.48,-0.09,0.0,0.0,0.0
김준완,NC,2019,RF,-0.124,38.1,-1.2,1.0,-0.87,0.03,0.0,0.0,-0.19
박건우,NC,2022,CF,-0.128,693.2,-1.26,0.982,-2.25,-0.14,0.0,0.0,0.44
강진성,NC,2019,LF,-0.131,135.2,-1.27,0.964,-0.19,-0.12,0.0,0.0,-0.28
지석훈,NC,2018,SS,-0.134,270.1,-1.48,0.964,-2.34,-0.19,0.0,0.0,0.0
김찬형,NC,2021,2B,-0.135,65.1,-1.37,0.972,-1.6,0.01,0.0,0.0,0.0
박헌욱,NC,2018,CF,-0.142,56.0,-1.6,0.909,-1.57,-0.17,0.0,0.0,0.08
도태훈,NC,2021,3B,-0.144,223.2,-1.44,0.963,-1.28,-0.17,0.0,0.0,0.0
최승민,NC,2021,CF,-0.149,98.0,-1.5,1.0,-0.93,0.05,0.0,0.0,-0.48
박석민,NC,2019,3B,-0.156,475.1,-1.53,0.918,-1.49,-0.85,0.0,0.0,0.0
전민수,NC,2021,LF,-0.191,72.0,-1.92,1.0,-0.57,0.03,0.0,0.0,-1.01
천재환,NC,2022,CF,-0.192,80.1,-1.85,1.0,-1.4,0.06,0.0,0.0,-0.39
김태진,NC,2018,3B,-0.199,53.1,-2.25,0.786,-1.95,-0.46,0.0,0.0,0.11
이원재,NC,2020,1B,-0.206,283.1,-2.18,0.996,0.13,0.25,0.0,0.0,0.0
나성범,NC,2020,RF,-0.214,379.2,-2.33,1.0,-0.88,0.23,0.0,0.0,0.45
이원재,NC,2018,LF,-0.215,159.2,-2.41,0.973,-0.75,-0.22,0.0,0.0,-0.38
최승민,NC,2022,CF,-0.226,94.2,-2.19,0.95,-2.28,-0.14,0.0,0.0,0.12
모창민,NC,2020,1B,-0.226,147.2,-2.4,0.985,-0.9,-0.17,0.0,0.0,0.0
이명기,NC,2020,LF,-0.262,875.0,-2.78,0.995,-0.3,0.29,0.0,0.0,1.87
권희동,NC,2022,CF,-0.267,482.1,-2.57,0.975,-0.28,-0.27,0.0,0.0,-1.03
윤형준,NC,2021,1B,-0.269,103.0,-2.71,0.942,-0.81,-1.01,0.0,0.0,0.0
이원재,NC,2021,1B,-0.276,133.0,-2.75,0.983,-1.47,-0.16,0.0,0.0,-0.0
정현,NC,2021,2B,-0.289,239.2,-2.9,0.979,-3.58,0.26,0.0,0.0,0.0
박준영,NC,2022,3B,-0.305,503.1,-2.95,0.926,-3.25,-0.97,0.0,0.0,0.0
권희동,NC,2019,RF,-0.39,785.1,-3.78,0.976,-0.36,-0.25,0.0,0.0,0.68
나성범,NC,2021,RF,-0.394,1071.2,-4.0,0.979,0.34,-0.29,0.0,0.0,1.55
정진기,NC,2021,LF,-0.416,385.1,-4.21,0.989,-3.04,-0.01,0.0,0.0,0.38
모창민,NC,2019,1B,-0.479,545.0,-4.69,0.991,-0.09,-0.03,0.0,0.0,0.0
모창민,NC,2018,3B,-0.505,566.0,-5.66,0.971,-3.74,-0.47,0.0,0.0,0.0
이상호,NC,2019,2B,-0.551,523.0,-5.31,0.985,-4.11,0.14,0.0,0.0,-0.41
베탄코트,NC,2019,RF,-0.582,386.1,-5.66,0.961,-2.77,-1.5,0.47,-0.16,-0.55
강진성,NC,2020,1B,-0.585,825.2,-6.23,0.994,1.05,0.47,0.0,0.0,-0.32
오영수,NC,2022,1B,-0.592,554.2,-5.7,0.993,-1.31,0.26,0.0,0.0,-0.08
이명기,NC,2021,LF,-0.616,380.0,-6.28,0.988,-5.72,-0.03,0.0,0.0,1.46
김찬형,NC,2020,SS,-0.662,195.2,-7.09,0.896,-6.61,-1.41,0.0,0.0,0.0
이명기,NC,2022,LF,-0.742,550.0,-7.15,0.964,-2.92,-0.44,0.0,0.0,-1.46
이원재,NC,2019,1B,-0.86,528.2,-8.33,0.99,-5.21,-0.06,0.0,0.0,0.8
스크럭스,NC,2018,1B,-1.047,962.2,-11.72,0.987,-1.75,-0.86,0.0,0.0,0.13
강진성,NC,2021,1B,-1.277,971.1,-12.81,0.986,-3.69,-0.77,0.0,0.0,-0.0
마티니,NC,2022,LF,-1.301,1006.1,-12.8,0.976,-5.19,-1.23,0.0,0.0,0.05
김하성,히어로즈,2018,SS,1.388,1103.2,15.5,0.979,8.35,0.93,0.0,0.0,0.0
김혜성,히어로즈,2022,2B,1.32,1085.2,12.85,0.984,10.32,0.7,0.0,0.0,0.0
이정후,히어로즈,2022,CF,1.223,1155.1,12.18,0.994,4.79,0.35,0.0,0.0,5.06
송성문,히어로즈,2022,3B,1.12,1220.0,10.74,0.958,8.13,0.62,0.0,0.0,0.0
박동원,히어로즈,2022,C,1.017,866.0,9.84,0.994,0.08,0.27,1.51,0.8,0.0
이지영,히어로즈,2022,C,0.945,994.2,9.06,0.988,-0.36,-0.75,1.0,0.98,0.0
김혜성,히어로즈,2019,2B,0.924,890.1,8.93,0.97,6.62,-0.58,0.0,0.0,0.0
임병욱,히어로즈,2019,CF,0.91,904.2,8.7,0.985,2.45,-0.23,0.0,0.0,5.0
김혜성,히어로즈,2020,2B,0.863,1114.1,9.14,0.983,5.48,0.53,0.0,0.0,2.06
김하성,히어로즈,2020,SS,0.833,1104.1,9.02,0.96,4.87,-0.66,0.0,0.0,0.0
송성문,히어로즈,2021,3B,0.783,535.2,7.79,0.975,6.95,0.12,0.0,0.0,0.0
박동원,히어로즈,2019,C,0.743,608.0,7.24,0.998,0.39,0.6,0.51,0.66,0.0
이지영,히어로즈,2019,C,0.622,605.0,5.99,0.994,0.01,0.2,0.41,0.39,0.0
박동원,히어로즈,2020,C,0.574,641.1,6.1,0.988,0.25,-0.29,-0.15,0.44,0.0
김혜성,히어로즈,2018,2B,0.543,1023.0,6.02,0.974,3.66,-0.36,0.0,0.0,0.0
박동원,히어로즈,2021,C,0.533,560.1,5.39,0.989,0.3,-0.17,0.01,0.38,0.0
이지영,히어로즈,2021,C,0.483,505.0,4.82,0.993,0.19,0.15,-0.14,0.3,0.0
송성문,히어로즈,2019,3B,0.451,659.0,4.31,0.971,2.96,0.32,0.0,0.0,0.0
주효상,히어로즈,2018,C,0.43,366.2,4.75,0.994,0.31,0.16,0.35,0.46,0.0
전병우,히어로즈,2020,3B,0.427,864.1,4.49,0.976,3.75,0.61,0.0,0.0,0.0
김재현,히어로즈,2018,C,0.413,625.0,4.57,0.993,-1.83,0.16,-0.16,0.47,0.0
이지영,히어로즈,2020,C,0.388,440.2,4.11,0.99,-0.02,-0.17,-0.03,0.33,0.0
김웅빈,히어로즈,2021,3B,0.386,362.2,3.86,0.965,2.91,0.33,0.0,0.0,0.0
서건창,히어로즈,2020,2B,0.382,440.2,4.07,0.989,2.84,0.42,0.0,0.0,0.0
변상권,히어로즈,2021,LF,0.373,372.2,3.7,1.0,5.02,0.17,0.0,0.0,0.32
박동원,히어로즈,2018,C,0.366,285.1,4.06,0.992,0.15,0.04,0.95,0.21,0.0
이정후,히어로즈,2020,RF,0.34,1094.1,3.66,0.989,6.23,0.02,0.0,0.0,1.37
김혜성,히어로즈,2021,SS,0.336,1187.2,3.41,0.95,0.98,-2.79,0.0,0.0,0.0
송성문,히어로즈,2018,2B,0.304,468.1,3.41,0.979,2.32,0.27,0.0,0.0,0.0
서건창,히어로즈,2021,2B,0.28,1037.1,2.82,0.986,-0.07,1.1,0.0,0.0,0.0
예진원,히어로즈,2021,CF,0.259,303.2,2.55,1.0,3.22,0.15,0.0,0.0,-0.3
이정후,히어로즈,2021,CF,0.258,964.2,2.67,0.989,-2.23,-0.14,0.0,0.0,3.33
임병욱,히어로즈,2020,CF,0.223,91.0,2.35,0.957,1.3,-0.16,0.0,0.0,1.04
박정음,히어로즈,2021,LF,0.211,82.0,2.12,1.0,3.07,0.04,0.0,0.0,-0.76
장영석,히어로즈,2019,3B,0.209,732.1,2.01,0.971,3.14,-0.15,0.0,0.0,0.0
김규민,히어로즈,2019,LF,0.2,520.0,1.93,0.992,2.84,0.07,0.0,0.0,1.54
주효상,히어로즈,2020,C,0.199,191.1,2.1,0.977,0.21,-0.53,0.48,0.21,0.0
임병욱,히어로즈,2018,CF,0.149,911.2,1.66,0.979,1.45,-0.51,0.0,0.0,-1.02
김재현,히어로즈,2022,C,0.146,217.1,1.4,0.977,0.44,-0.48,-0.08,-0.26,0.0
임지열,히어로즈,2021,LF,0.144,55.0,1.42,1.0,1.04,0.03,0.0,0.0,0.63
김재현,히어로즈,2021,C,0.139,139.0,1.39,0.99,0.44,0.01,-0.14,-0.11,0.0
허정협,히어로즈,2021,LF,0.13,68.0,1.28,1.0,1.66,0.03,0.0,0.0,-0.06
김민성,히어로즈,2018,3B,0.128,908.2,1.43,0.972,-1.47,1.16,0.0,0.0,0.0
예진원,히어로즈,2022,LF,0.076,30.0,0.73,1.0,0.86,0.02,0.0,0.0,-0.03
문찬종,히어로즈,2021,2B,0.066,39.1,0.66,1.0,0.48,0.11,0.0,0.0,0.0
김은성,히어로즈,2020,2B,0.063,22.0,0.67,1.0,0.57,0.06,0.0,0.0,0.0
신준우,히어로즈,2022,SS,0.058,212.1,0.56,0.983,-0.86,0.42,0.0,0.0,0.0
박동원,히어로즈,2022,C,0.058,48.0,0.56,0.976,0.16,-0.13,-0.06,0.19,0.0
주효상,히어로즈,2019,C,0.057,66.0,0.55,0.983,0.09,-0.11,-0.16,0.19,0.0
박정음,히어로즈,2019,LF,0.052,208.1,0.5,1.0,1.41,0.12,0.0,0.0,-0.28
김웅빈,히어로즈,2022,1B,0.038,77.2,0.37,0.987,1.06,-0.05,0.0,0.0,0.0
김웅빈,히어로즈,2019,3B,0.036,20.0,0.35,1.0,0.26,0.05,0.0,0.0,0.0
홍성갑,히어로즈,2018,LF,0.028,16.0,0.31,1.0,0.54,0.01,0.0,0.0,-0.16
박정음,히어로즈,2018,RF,0.027,36.0,0.3,1.0,0.76,0.02,0.0,0.0,-0.31
문찬종,히어로즈,2020,2B,0.026,9.0,0.27,1.0,0.23,0.02,0.0,0.0,0.0
박주홍,히어로즈,2022,LF,0.021,77.0,0.2,1.0,0.75,0.05,0.0,0.0,-0.23
추재현,히어로즈,2019,RF,0.021,4.0,0.19,1.0,0.21,0.0,0.0,0.0,-0.0
이정후,히어로즈,2018,RF,0.02,925.0,0.22,0.976,1.11,-0.4,0.0,0.0,2.74
변상권,히어로즈,2020,CF,0.018,154.0,0.19,1.0,0.72,0.08,0.0,0.0,-0.8
김태진,히어로즈,2022,1B,0.013,167.1,0.12,0.973,0.0,-0.15,0.0,0.0,0.0
김종덕,히어로즈,2018,C,0.007,5.0,0.08,1.0,0.0,0.01,0.0,0.02,0.0
러셀,히어로즈,2020,2B,0.007,494.1,0.07,0.96,-0.39,-1.12,0.0,0.0,0.0
김태완,히어로즈,2018,1B,0.006,46.2,0.07,1.0,0.43,0.07,0.0,0.0,0.0
김주형,히어로즈,2019,2B,0.005,6.0,0.05,1.0,0.02,0.02,0.0,0.0,0.0
이재홍,히어로즈,2022,2B,0.003,11.0,0.03,1.0,-0.02,0.03,0.0,0.0,0.0
김병휘,히어로즈,2020,2B,0.003,1.0,0.03,1.0,0.02,0.0,0.0,0.0,0.0
샌즈,히어로즈,2018,RF,0.003,178.2,0.03,1.0,0.32,0.13,0.0,0.0,0.7
김재현,히어로즈,2020,C,-0.003,7.0,-0.03,1.0,0.0,0.01,-0.06,-0.04,0.0
이병규,히어로즈,2022,1B,-0.003,54.0,-0.03,0.976,0.38,-0.12,0.0,0.0,0.09
전병우,히어로즈,2021,3B,-0.007,617.2,-0.07,0.97,0.1,-0.04,0.0,0.0,0.0
김시앙,히어로즈,2022,C,-0.008,36.1,-0.08,0.971,0.0,-0.15,-0.18,-0.06,0.0
김병휘,히어로즈,2021,2B,-0.01,27.0,-0.1,0.933,-0.03,-0.13,0.0,0.0,0.0
이택근,히어로즈,2020,LF,-0.012,54.0,-0.13,1.0,0.22,0.03,0.0,0.0,-0.08
프레이타스,히어로즈,2021,C,-0.014,63.0,-0.14,0.981,-0.29,-0.1,-0.08,-0.1,0.0
김주형,히어로즈,2020,3B,-0.018,116.0,-0.19,0.933,-0.21,-0.27,0.0,0.0,0.0
예진원,히어로즈,2018,CF,-0.019,14.1,-0.21,1.0,0.04,0.01,0.0,0.0,-0.26
박주홍,히어로즈,2021,LF,-0.02,60.0,-0.2,1.0,0.46,0.04,0.0,0.0,-0.37
김지수,히어로즈,2018,2B,-0.023,138.1,-0.26,0.984,-0.63,0.17,0.0,0.0,-0.08
이명기,히어로즈,2021,1B,-0.024,12.0,-0.24,1.0,-0.16,0.02,0.0,0.0,0.0
임지열,히어로즈,2022,LF,-0.03,155.0,-0.29,1.0,-0.6,0.1,0.0,0.0,0.98
허정협,히어로즈,2018,RF,-0.032,28.2,-0.36,1.0,0.23,0.02,0.0,0.0,-0.44
예진원,히어로즈,2019,LF,-0.035,18.0,-0.35,1.0,-0.14,0.01,0.0,0.0,-0.13
강민국,히어로즈,2022,SS,-0.04,7.0,-0.38,0.75,-0.24,-0.17,0.0,0.0,0.0
박주홍,히어로즈,2020,LF,-0.042,23.0,-0.44,0.857,0.3,-0.19,0.0,0.0,-0.43
김규민,히어로즈,2020,LF,-0.044,238.0,-0.46,0.987,0.16,-0.06,0.0,0.0,0.74
김지수,히어로즈,2019,2B,-0.047,141.1,-0.45,0.971,-0.67,-0.04,0.0,0.0,0.0
이주형,히어로즈,2022,1B,-0.049,76.0,-0.47,1.0,0.0,0.14,0.0,0.0,-0.0
김수환,히어로즈,2020,1B,-0.052,21.0,-0.54,1.0,-0.39,0.03,0.0,0.0,0.0
서건창,히어로즈,2021,2B,-0.055,573.2,-0.55,0.979,-1.64,0.1,0.0,0.0,0.0
송우현,히어로즈,2021,RF,-0.058,560.1,-0.58,0.992,-0.29,0.17,0.0,0.0,2.44
김수환,히어로즈,2021,1B,-0.066,85.1,-0.65,0.967,-0.01,-0.2,0.0,0.0,0.0
임동휘,히어로즈,2019,3B,-0.073,30.0,-0.71,0.833,-0.39,-0.32,0.0,0.0,0.0
박준태,히어로즈,2022,RF,-0.075,206.1,-0.72,1.0,-0.33,0.15,0.0,0.0,0.2
김은성,히어로즈,2021,LF,-0.08,44.0,-0.8,1.0,-0.27,0.02,0.0,0.0,-0.33
신준우,히어로즈,2021,SS,-0.083,164.1,-0.83,0.946,-1.14,-0.41,0.0,0.0,0.0
서건창,히어로즈,2018,2B,-0.11,52.0,-1.25,1.0,-1.49,0.14,0.0,0.0,0.0
박준태,히어로즈,2020,CF,-0.111,965.1,-1.18,0.981,-0.01,-0.5,0.0,0.0,0.01
김수산,히어로즈,2019,2B,-0.127,23.0,-1.24,0.889,-1.13,-0.14,0.0,0.0,0.0
김태진,히어로즈,2022,1B,-0.136,517.0,-1.34,0.987,0.82,0.04,0.0,0.0,-0.11
장영석,히어로즈,2018,1B,-0.146,417.1,-1.63,0.993,0.05,0.46,0.0,0.0,0.0
허정협,히어로즈,2019,LF,-0.146,107.0,-1.41,1.0,-0.28,0.06,0.0,0.0,-0.66
송우현,히어로즈,2020,RF,-0.153,39.2,-1.61,1.0,-1.1,0.02,0.0,0.0,-0.32
박준태,히어로즈,2021,RF,-0.154,136.0,-1.55,1.0,-1.55,0.08,0.0,0.0,0.32
김휘집,히어로즈,2021,3B,-0.183,206.0,-1.82,0.899,-1.53,-0.74,0.0,0.0,0.0
모터,히어로즈,2020,3B,-0.188,82.0,-1.94,0.926,-1.44,-0.19,0.0,0.0,-0.34
김주형,히어로즈,2022,SS,-0.197,313.1,-1.91,0.933,-2.41,-0.98,0.0,0.0,0.0
김주형,히어로즈,2021,SS,-0.21,183.2,-2.12,0.94,-2.72,-0.31,0.0,0.0,0.0
김준완,히어로즈,2022,LF,-0.225,738.1,-2.15,0.984,-2.81,-0.08,0.0,0.0,3.93
김하성,히어로즈,2019,SS,-0.244,1086.1,-2.43,0.961,-6.54,-0.64,0.0,0.0,0.0
박병호,히어로즈,2019,1B,-0.289,906.2,-2.87,0.994,4.42,0.42,0.0,0.0,0.0
박정음,히어로즈,2020,CF,-0.317,171.2,-3.37,1.0,-2.11,0.09,0.0,0.0,-1.36
김수환,히어로즈,2022,1B,-0.325,297.0,-3.12,0.99,-0.64,-0.03,0.0,0.0,0.0
이택근,히어로즈,2018,LF,-0.358,210.0,-4.03,0.955,-2.3,-0.24,0.0,0.0,-0.27
서건창,히어로즈,2019,2B,-0.381,481.0,-3.73,0.978,-4.43,-0.1,0.0,0.0,0.0
박찬혁,히어로즈,2022,LF,-0.395,167.0,-3.81,0.958,-2.22,-0.43,0.0,0.0,-0.19
김휘집,히어로즈,2022,SS,-0.4,818.0,-3.87,0.965,-8.11,0.22,0.0,0.0,0.0
고종욱,히어로즈,2018,LF,-0.421,347.2,-4.68,0.966,0.53,-0.32,0.0,0.0,-2.91
전병우,히어로즈,2022,1B,-0.432,548.1,-4.15,0.99,0.12,-0.11,0.0,0.0,0.0
이용규,히어로즈,2022,LF,-0.439,465.1,-4.2,0.98,-2.32,-0.09,0.0,0.0,0.4
김웅빈,히어로즈,2020,1B,-0.465,416.1,-4.95,0.985,-1.04,-0.49,0.0,0.0,0.0
박병호,히어로즈,2020,1B,-0.466,712.2,-4.98,0.992,1.62,-0.07,0.0,0.0,0.0
김규민,히어로즈,2018,LF,-0.491,642.0,-5.49,0.971,-2.77,-0.81,0.0,0.0,1.62
박병호,히어로즈,2021,1B,-0.494,810.2,-4.97,0.993,1.7,0.32,0.0,0.0,0.0
박병호,히어로즈,2018,1B,-0.526,841.2,-6.08,0.988,3.12,-0.86,0.0,0.0,0.0
크레익,히어로즈,2021,1B,-0.633,366.2,-6.37,0.989,-4.01,-0.08,0.0,0.0,0.4
이정후,히어로즈,2019,LF,-0.966,1142.0,-9.54,0.993,-8.49,0.3,0.0,0.0,2.27
허정협,히어로즈,2020,LF,-0.983,732.1,-10.49,0.983,-5.13,-0.16,0.0,0.0,-1.09
이용규,히어로즈,2021,LF,-1.061,1003.2,-10.78,0.987,-3.03,-0.05,0.0,0.0,-2.89
초이스,히어로즈,2018,RF,-1.073,664.1,-12.07,0.984,-6.07,0.01,0.0,0.0,-2.16
푸이그,히어로즈,2022,RF,-1.161,842.2,-11.44,0.963,-7.08,-0.52,0.0,0.0,0.44
샌즈,히어로즈,2019,RF,-1.526,1073.0,-15.24,0.987,-8.3,-0.01,0.0,0.0,-1.0
최지훈,SSG.SK,2022,CF,1.909,1239.1,18.48,0.997,10.61,0.63,0.0,0.0,7.29
이재원,SSG.SK,2019,C,0.854,1041.0,8.27,0.994,0.45,0.17,-1.89,0.91,0.0
최지훈,SSG.SK,2021,CF,0.849,1054.0,8.5,0.994,5.5,0.12,0.0,0.0,3.7
오태곤,SSG.SK,2022,LF,0.779,673.2,7.45,0.996,6.75,0.41,0.0,0.0,3.94
최지훈,SSG.SK,2020,RF,0.667,1007.1,6.98,0.985,6.63,-0.25,0.0,0.0,3.07
이재원,SSG.SK,2018,C,0.649,846.2,7.33,0.987,0.49,-0.9,-0.9,0.45,0.0
노수광,SSG.SK,2019,LF,0.608,896.0,5.83,0.988,8.35,-0.05,0.0,0.0,0.06
이재원,SSG.SK,2020,C,0.571,545.1,5.94,0.994,-0.54,0.18,1.53,-0.09,0.0
나주환,SSG.SK,2018,SS,0.566,885.0,6.27,0.971,3.18,0.02,0.0,0.0,0.0
한유섬,SSG.SK,2018,RF,0.559,755.1,6.29,0.995,8.0,0.26,0.0,0.0,2.39
최정,SSG.SK,2022,3B,0.553,958.1,5.43,0.953,3.37,0.45,0.0,0.0,0.0
최정,SSG.SK,2021,3B,0.541,1029.0,5.55,0.961,2.94,0.8,0.0,0.0,0.0
이재원,SSG.SK,2021,C,0.529,678.2,5.31,0.988,-0.35,-0.39,-0.17,0.38,0.0
김민식,SSG.SK,2022,C,0.487,447.0,4.67,0.992,1.0,0.05,0.14,-0.2,0.0
김성현,SSG.SK,2019,SS,0.48,1143.2,4.6,0.954,0.54,-1.58,0.0,0.0,0.0
김민식,SSG.SK,2022,C,0.472,595.0,4.54,0.99,0.06,-0.13,0.45,-0.74,0.0
이성우,SSG.SK,2018,C,0.465,362.2,5.15,1.0,0.22,0.56,0.34,0.63,0.0
최정,SSG.SK,2018,3B,0.436,902.2,4.91,0.958,2.83,0.34,0.0,0.0,0.0
김성현,SSG.SK,2022,2B,0.429,854.2,4.09,0.974,2.35,0.03,0.0,0.0,0.0
김강민,SSG.SK,2020,CF,0.424,658.1,4.48,0.991,1.13,-0.08,0.0,0.0,2.24
박성한,SSG.SK,2022,SS,0.397,1176.0,3.87,0.961,-1.89,-0.13,0.0,0.0,0.0
나주환,SSG.SK,2019,2B,0.365,528.0,3.49,0.997,2.23,1.01,0.0,0.0,0.0
김강민,SSG.SK,2022,CF,0.36,341.0,3.49,1.0,2.9,0.22,0.0,0.0,-0.2
박성한,SSG.SK,2021,SS,0.351,1007.2,3.55,0.957,-0.9,-0.75,0.0,0.0,0.0
최정,SSG.SK,2020,3B,0.342,987.2,3.68,0.957,1.03,0.83,0.0,0.0,0.0
이흥련,SSG.SK,2021,C,0.34,369.0,3.41,0.997,-0.17,0.35,-0.16,0.21,0.0
한유섬,SSG.SK,2022,RF,0.332,979.2,3.23,1.0,7.02,0.79,0.0,0.0,0.33
김강민,SSG.SK,2021,CF,0.315,567.0,3.16,0.987,0.63,-0.13,0.0,0.0,1.69
김성현,SSG.SK,2020,SS,0.296,936.2,3.11,0.98,-1.46,0.6,0.0,0.0,0.0
안상현,SSG.SK,2022,2B,0.284,107.0,2.72,0.985,2.46,0.09,0.0,0.0,-0.0
이현석,SSG.SK,2021,C,0.283,220.0,2.84,0.99,0.25,-0.07,0.62,0.15,0.0
최항,SSG.SK,2020,2B,0.283,320.0,2.99,0.985,2.26,0.16,0.0,0.0,0.0
이재원,SSG.SK,2022,C,0.273,660.1,2.62,0.993,-1.94,0.17,-1.36,0.32,0.0
허도환,SSG.SK,2019,C,0.273,242.1,2.6,0.992,0.56,-0.08,-0.28,0.42,0.0
김성현,SSG.SK,2021,2B,0.261,643.1,2.63,0.975,0.29,0.4,0.0,0.0,0.0
정현,SSG.SK,2019,2B,0.257,90.2,2.43,1.0,1.91,0.24,0.0,0.0,0.0
최준우,SSG.SK,2019,2B,0.235,78.0,2.23,1.0,1.93,0.18,0.0,0.0,0.0
최정,SSG.SK,2019,3B,0.231,1154.1,2.28,0.956,-0.17,0.49,0.0,0.0,0.0
김성현,SSG.SK,2018,2B,0.23,1021.2,2.55,0.968,-0.26,-0.48,0.0,0.0,0.0
이흥련,SSG.SK,2020,C,0.229,297.1,2.4,0.989,0.62,-0.18,-0.45,-0.27,0.0
최항,SSG.SK,2019,2B,0.202,313.0,1.94,0.983,1.65,0.1,0.0,0.0,0.0
박성한,SSG.SK,2020,SS,0.192,258.0,2.02,0.971,0.66,-0.03,0.0,0.0,0.0
이현석,SSG.SK,2020,C,0.182,283.1,1.9,0.991,0.11,0.0,-0.29,-0.46,0.0
이흥련,SSG.SK,2020,C,0.178,302.1,1.87,0.99,0.01,-0.17,-0.45,-0.25,0.0
최주환,SSG.SK,2021,2B,0.142,772.1,1.43,0.979,2.71,-0.35,0.0,0.0,0.0
박성한,SSG.SK,2018,SS,0.14,157.2,1.54,0.933,1.35,-0.69,0.0,0.0,0.0
김찬형,SSG.SK,2021,2B,0.116,379.1,1.16,0.976,-0.04,0.34,0.0,0.0,0.0
강승호,SSG.SK,2019,2B,0.11,94.0,1.04,0.978,0.75,0.04,0.0,0.0,0.0
김창평,SSG.SK,2019,2B,0.104,126.0,0.98,1.0,0.47,0.29,0.0,0.0,0.0
이흥련,SSG.SK,2022,C,0.101,139.0,0.95,1.0,0.4,0.2,-0.74,-0.04,0.0
강승호,SSG.SK,2018,2B,0.088,218.1,0.98,0.965,0.77,-0.21,0.0,0.0,0.0
정진기,SSG.SK,2021,LF,0.08,14.0,0.72,0.8,0.37,-0.19,0.0,0.0,0.53
최민재,SSG.SK,2019,RF,0.077,6.0,0.67,1.0,0.61,0.0,0.0,0.0,0.08
윤정우,SSG.SK,2018,LF,0.077,70.0,0.85,0.938,1.64,-0.15,0.0,0.0,-0.24
오태곤,SSG.SK,2021,1B,0.074,545.1,0.74,0.991,3.49,0.03,0.0,0.0,0.8
최경모,SSG.SK,2019,2B,0.068,47.0,0.65,0.917,0.77,-0.27,0.0,0.0,0.0
이대수,SSG.SK,2018,2B,0.065,15.0,0.71,1.0,0.64,0.04,0.0,0.0,0.0
정현,SSG.SK,2019,2B,0.064,106.1,0.61,1.0,0.01,0.28,0.0,0.0,0.0
조용호,SSG.SK,2018,LF,0.063,20.0,0.69,1.0,0.79,0.02,0.0,0.0,-0.0
정현,SSG.SK,2021,2B,0.057,306.2,0.57,0.969,-0.02,0.06,0.0,0.0,0.0
허도환,SSG.SK,2018,C,0.055,67.1,0.61,1.0,0.0,0.1,-0.12,-0.02,0.0
안상현,SSG.SK,2021,2B,0.054,85.0,0.54,0.958,0.56,-0.17,0.0,0.0,0.0
오준혁,SSG.SK,2022,RF,0.044,93.1,0.43,1.0,0.13,0.07,0.0,0.0,0.69
박승욱,SSG.SK,2019,1B,0.044,39.0,0.42,1.0,0.24,0.1,0.0,0.0,0.0
이홍구,SSG.SK,2020,C,0.04,131.1,0.42,0.991,0.01,-0.01,-0.45,-0.31,0.0
석정우,SSG.SK,2022,2B,0.035,25.2,0.34,1.0,0.19,0.08,0.0,0.0,0.0
최승준,SSG.SK,2019,1B,0.034,26.0,0.32,1.0,0.49,0.05,0.0,0.0,0.0
김찬형,SSG.SK,2021,2B,0.031,315.0,0.31,0.977,-0.65,0.34,0.0,0.0,0.0
이홍구,SSG.SK,2020,C,0.029,230.0,0.3,0.989,0.01,-0.07,-1.22,-0.49,0.0
최경모,SSG.SK,2022,3B,0.021,249.1,0.2,0.961,-0.19,-0.07,0.0,0.0,0.0
추신수,SSG.SK,2022,RF,0.021,17.0,0.2,1.0,0.3,0.01,0.0,0.0,-0.03
유서준,SSG.SK,2021,CF,0.014,4.0,0.14,1.0,0.17,0.0,0.0,0.0,-0.02
박정권,SSG.SK,2018,1B,0.013,35.0,0.15,1.0,0.42,0.06,0.0,0.0,0.0
이현석,SSG.SK,2019,C,0.013,9.0,0.12,1.0,0.0,0.01,0.0,0.04,0.0
이현석,SSG.SK,2022,C,0.012,35.0,0.11,0.964,0.0,-0.15,-0.03,0.01,0.0
이정범,SSG.SK,2022,RF,0.011,18.0,0.1,0.857,-0.11,-0.19,0.0,0.0,0.49
강승호,SSG.SK,2018,2B,0.004,424.1,0.04,0.967,-0.1,-0.67,0.0,0.0,0.0
고명준,SSG.SK,2021,1B,0.003,1.0,0.03,1.0,0.04,0.0,0.0,0.0,0.0
현원회,SSG.SK,2020,C,0.003,2.0,0.03,1.0,0.0,0.0,0.0,0.01,0.0
안상현,SSG.SK,2018,2B,0.001,3.0,0.01,1.0,-0.0,0.01,0.0,0.0,0.0
이거연,SSG.SK,2020,1B,-0.003,4.0,-0.03,1.0,0.0,0.01,0.0,0.0,0.0
최준우,SSG.SK,2022,2B,-0.003,25.0,-0.03,0.952,0.06,-0.13,0.0,0.0,0.0
최항,SSG.SK,2022,3B,-0.004,16.0,-0.04,1.0,-0.08,0.04,0.0,0.0,0.0
임재현,SSG.SK,2019,RF,-0.006,11.0,-0.06,1.0,-0.1,0.01,0.0,0.0,0.09
김규남,SSG.SK,2021,LF,-0.009,14.0,-0.08,1.0,-0.02,0.01,0.0,0.0,-0.0
김재현,SSG.SK,2020,LF,-0.009,36.1,-0.09,1.0,0.3,0.02,0.0,0.0,-0.23
정진기,SSG.SK,2021,LF,-0.014,80.0,-0.14,0.955,0.0,-0.16,0.0,0.0,-0.12
정상호,SSG.SK,2021,C,-0.014,9.0,-0.14,0.8,-0.0,-0.19,-0.06,0.04,0.0
최항,SSG.SK,2018,2B,-0.015,459.2,-0.17,0.96,0.1,-0.79,0.0,0.0,0.0
최승준,SSG.SK,2018,1B,-0.018,50.2,-0.2,0.961,0.61,-0.32,0.0,0.0,0.0
남태혁,SSG.SK,2019,1B,-0.029,13.0,-0.28,1.0,-0.19,0.02,0.0,0.0,0.0
김규남,SSG.SK,2022,RF,-0.029,10.0,-0.27,1.0,0.11,0.01,0.0,0.0,-0.34
오준혁,SSG.SK,2021,LF,-0.029,22.0,-0.29,1.0,-0.19,0.01,0.0,0.0,0.0
조형우,SSG.SK,2022,C,-0.031,20.0,-0.3,1.0,0.0,0.03,-0.18,-0.32,0.0
정진기,SSG.SK,2019,RF,-0.036,42.0,-0.35,1.0,0.15,0.03,0.0,0.0,-0.32
정현,SSG.SK,2020,SS,-0.042,358.0,-0.44,0.962,-1.85,-0.33,0.0,0.0,0.0
노수광,SSG.SK,2020,CF,-0.046,170.2,-0.49,0.957,-0.15,-0.31,0.0,0.0,0.21
채현우,SSG.SK,2020,LF,-0.047,44.2,-0.5,1.0,-0.63,0.02,0.0,0.0,0.29
오준혁,SSG.SK,2020,LF,-0.051,196.2,-0.53,1.0,1.19,0.11,0.0,0.0,-0.77
류효승,SSG.SK,2020,1B,-0.052,8.0,-0.55,1.0,-0.49,0.01,0.0,0.0,0.0
채태인,SSG.SK,2020,1B,-0.052,75.1,-0.56,1.0,0.01,0.12,0.0,0.0,0.0
김창평,SSG.SK,2021,LF,-0.054,60.2,-0.54,1.0,-0.88,0.09,0.0,0.0,0.35
남태혁,SSG.SK,2020,1B,-0.054,52.0,-0.57,1.0,-0.18,0.08,0.0,0.0,0.0
박승욱,SSG.SK,2018,SS,-0.056,185.1,-0.63,0.968,-1.64,-0.01,0.0,0.0,0.0
김민준,SSG.SK,2020,LF,-0.068,18.1,-0.72,1.0,-0.27,0.01,0.0,0.0,-0.36
김경호,SSG.SK,2020,LF,-0.071,228.0,-0.75,1.0,0.24,0.13,0.0,0.0,-0.13
안상현,SSG.SK,2019,2B,-0.074,293.0,-0.71,0.964,-0.84,-0.49,0.0,0.0,0.0
유서준,SSG.SK,2020,SS,-0.074,48.1,-0.79,0.926,-0.72,-0.28,0.0,0.0,0.08
최상민,SSG.SK,2022,LF,-0.079,58.0,-0.76,1.0,-0.52,0.04,0.0,0.0,-0.09
윤석민,SSG.SK,2020,3B,-0.081,115.0,-0.85,0.964,-0.54,-0.1,0.0,0.0,0.0
남태혁,SSG.SK,2021,1B,-0.093,23.0,-0.94,0.913,-0.39,-0.36,0.0,0.0,0.0
정진기,SSG.SK,2020,RF,-0.098,280.0,-1.03,0.951,2.25,-0.64,0.0,0.0,-1.47
김강민,SSG.SK,2018,CF,-0.098,561.0,-1.1,0.985,-3.05,-0.1,0.0,0.0,0.97
최항,SSG.SK,2021,2B,-0.104,112.0,-1.04,0.957,-0.87,-0.31,0.0,0.0,0.0
이정범,SSG.SK,2021,LF,-0.11,109.0,-1.12,0.952,-0.66,-0.15,0.0,0.0,0.26
정의윤,SSG.SK,2020,LF,-0.11,174.0,-1.16,1.0,-0.11,0.1,0.0,0.0,-0.21
노수광,SSG.SK,2020,CF,-0.111,552.0,-1.17,0.976,0.06,-0.51,0.0,0.0,-0.05
김재현,SSG.SK,2019,RF,-0.111,141.2,-1.08,1.0,-0.25,0.1,0.0,0.0,-0.59
김강민,SSG.SK,2019,CF,-0.113,947.1,-1.1,0.989,-4.34,-0.01,0.0,0.0,1.68
오태곤,SSG.SK,2020,LF,-0.117,308.2,-1.24,1.0,0.02,0.22,0.0,0.0,0.37
라가레스,SSG.SK,2022,LF,-0.12,394.2,-1.17,0.98,0.81,-0.14,0.0,0.0,0.14
박승욱,SSG.SK,2019,1B,-0.126,551.0,-1.21,0.988,0.08,0.2,0.0,0.0,0.0
정현,SSG.SK,2021,2B,-0.131,67.0,-1.32,0.936,-1.24,-0.21,0.0,0.0,0.0
김창평,SSG.SK,2020,2B,-0.134,208.1,-1.41,0.973,-1.67,-0.12,0.0,0.0,0.0
김재현,SSG.SK,2022,3B,-0.157,59.0,-1.51,0.933,-1.61,-0.02,0.0,0.0,0.0
박정권,SSG.SK,2019,1B,-0.164,42.1,-1.59,1.0,-1.32,0.08,0.0,0.0,0.0
김재현,SSG.SK,2018,LF,-0.167,183.0,-1.87,0.979,-0.03,-0.07,0.0,0.0,-0.88
노수광,SSG.SK,2018,CF,-0.172,1028.2,-1.93,0.992,-0.8,0.26,0.0,0.0,0.76
김성민,SSG.SK,2020,SS,-0.174,27.0,-1.89,0.8,-1.73,-0.32,0.0,0.0,0.0
오태곤,SSG.SK,2020,LF,-0.176,386.0,-1.88,0.986,-0.2,0.07,0.0,0.0,-0.13
정의윤,SSG.SK,2018,RF,-0.177,168.0,-1.97,0.972,-0.44,-0.08,0.0,0.0,-0.49
한유섬,SSG.SK,2020,DH,-0.23,392.0,-2.46,0.975,-0.19,-0.17,0.0,0.0,0.05
하재훈,SSG.SK,2022,LF,-0.238,209.2,-2.3,0.98,-2.58,-0.06,0.0,0.0,1.3
최준우,SSG.SK,2020,2B,-0.239,441.1,-2.52,0.969,-2.74,-0.57,0.0,0.0,0.0
배영섭,SSG.SK,2019,LF,-0.254,159.2,-2.45,1.0,-1.16,0.09,0.0,0.0,-0.61
로맥,SSG.SK,2021,1B,-0.304,770.0,-3.06,0.997,2.52,1.05,0.0,0.0,0.0
로맥,SSG.SK,2018,1B,-0.336,1174.0,-3.81,0.99,6.83,-0.23,0.0,0.0,-0.01
한유섬,SSG.SK,2021,RF,-0.346,911.2,-3.52,0.991,1.47,0.15,0.0,0.0,-0.36
정의윤,SSG.SK,2019,LF,-0.361,376.0,-3.52,0.986,0.06,0.04,0.0,0.0,-1.74
김동엽,SSG.SK,2018,LF,-0.365,583.1,-4.06,0.972,0.41,-0.13,0.0,0.0,-1.03
정의윤,SSG.SK,2021,LF,-0.382,222.0,-3.83,1.0,-2.47,0.12,0.0,0.0,-0.33
최주환,SSG.SK,2022,2B,-0.4,592.2,-3.85,0.971,-2.53,-0.74,0.0,0.0,0.0
고종욱,SSG.SK,2020,LF,-0.401,302.2,-4.24,0.967,-0.19,-0.23,0.0,0.0,-2.18
정진기,SSG.SK,2018,CF,-0.448,443.1,-4.97,0.952,-1.33,-0.72,0.0,0.0,-1.88
크론,SSG.SK,2022,1B,-0.465,533.2,-4.46,0.995,-0.5,0.42,0.0,0.0,0.0
고종욱,SSG.SK,2021,LF,-0.625,216.0,-6.27,0.966,-5.08,-0.1,0.0,0.0,0.03
전의산,SSG.SK,2022,1B,-0.625,477.2,-6.08,0.983,-1.41,-0.69,0.0,0.0,0.0
고종욱,SSG.SK,2019,LF,-0.644,524.2,-6.3,0.974,-1.22,-0.33,0.0,0.0,-2.11
추신수,SSG.SK,2021,RF,-0.795,372.1,-8.15,0.988,-4.19,0.05,0.0,0.0,-2.04
한유섬,SSG.SK,2019,RF,-0.828,772.2,-8.08,0.978,-8.13,-0.18,0.0,0.0,4.11
로맥,SSG.SK,2019,1B,-0.89,1180.1,-8.75,0.996,-0.86,1.38,0.0,0.0,0.0
로맥,SSG.SK,2020,1B,-1.333,1080.2,-14.41,0.988,-4.26,-0.63,0.0,0.0,0.0
하주석,한화,2022,SS,1.196,900.0,11.44,0.956,7.26,-0.23,0.0,0.0,0.0
하주석,한화,2018,SS,1.133,1143.2,12.48,0.968,5.93,0.07,0.0,0.0,0.0
최재훈,한화,2021,C,0.944,844.0,9.55,0.999,-0.52,1.05,0.68,1.05,0.0
하주석,한화,2021,SS,0.922,923.2,9.28,0.963,3.75,0.75,0.0,0.0,0.0
정은원,한화,2021,2B,0.913,1024.2,9.24,0.975,7.35,0.08,0.0,0.0,0.0
최재훈,한화,2019,C,0.815,1022.2,7.94,0.993,-1.11,0.14,0.59,-0.23,0.0
최재훈,한화,2022,C,0.798,853.2,7.68,0.996,-0.99,0.65,0.96,0.02,0.0
최재훈,한화,2018,C,0.776,830.2,8.61,0.994,-0.57,0.28,0.5,0.5,0.0
박정현,한화,2022,SS,0.756,500.1,7.2,0.974,6.92,-0.03,0.0,0.0,-0.0
최재훈,한화,2020,C,0.755,857.2,8.04,0.994,0.71,0.22,-0.42,-0.3,0.0
이도윤,한화,2022,SS,0.562,306.2,5.35,0.955,4.68,-0.21,0.0,0.0,0.0
오선진,한화,2019,SS,0.551,981.2,5.28,0.975,-0.16,0.69,0.0,0.0,0.0
호잉,한화,2018,RF,0.544,1162.0,6.11,0.985,8.58,-0.09,0.0,0.0,3.85
강경학,한화,2018,2B,0.462,528.2,5.16,0.993,3.08,1.02,0.0,0.0,0.0
정진호,한화,2021,LF,0.449,304.1,4.42,0.976,5.42,-0.26,0.0,0.0,0.78
호잉,한화,2019,RF,0.444,1040.1,4.33,0.993,3.7,0.36,0.0,0.0,2.59
반즈,한화,2020,1B,0.36,626.1,3.81,0.989,6.8,-0.11,0.0,0.0,1.29
김민하,한화,2019,LF,0.307,346.0,2.95,0.979,2.8,-0.2,0.0,0.0,1.77
김민하,한화,2021,RF,0.273,258.1,2.72,0.961,2.91,-0.46,0.0,0.0,1.3
지시완,한화,2018,C,0.251,433.0,2.8,0.993,-0.05,0.06,-0.27,-1.09,0.0
김민하,한화,2018,LF,0.248,251.1,2.73,1.0,4.01,0.18,0.0,0.0,-0.49
양성우,한화,2018,LF,0.227,486.0,2.5,0.991,3.01,0.19,0.0,0.0,2.06
이시원,한화,2021,CF,0.226,150.2,2.23,0.982,2.16,-0.13,0.0,0.0,0.01
박정현,한화,2021,SS,0.208,242.0,2.04,0.955,2.25,-0.46,0.0,0.0,0.0
송광민,한화,2019,3B,0.206,974.0,1.98,0.949,0.8,-0.42,0.0,0.0,0.0
노시환,한화,2020,3B,0.183,785.0,1.93,0.95,0.3,-0.22,0.0,0.0,0.0
이용규,한화,2018,CF,0.157,1069.2,1.75,0.978,0.67,-0.63,0.0,0.0,-0.33
힐리,한화,2021,1B,0.157,527.0,1.56,0.991,6.07,-0.01,0.0,0.0,0.0
이해창,한화,2020,C,0.154,298.0,1.63,0.986,0.04,-0.38,-0.47,-0.27,0.0
오선진,한화,2020,SS,0.153,503.1,1.61,0.981,-0.79,0.65,0.0,0.0,0.0
노수광,한화,2021,CF,0.15,377.0,1.5,1.0,-1.34,0.18,0.0,0.0,2.46
장진혁,한화,2022,RF,0.142,275.0,1.35,0.944,1.64,-0.58,0.0,0.0,1.59
이도윤,한화,2021,SS,0.134,185.2,1.33,0.945,0.92,-0.18,0.0,0.0,0.0
지시완,한화,2019,C,0.123,186.1,1.19,1.0,-0.07,0.25,-0.2,-0.33,0.0
박준혁,한화,2018,RF,0.121,10.0,1.31,1.0,0.58,0.01,0.0,0.0,0.78
이해창,한화,2021,C,0.118,149.0,1.15,0.992,0.14,0.02,-0.19,-0.07,0.0
김태연,한화,2021,3B,0.113,406.0,1.15,0.956,0.84,-0.51,0.0,0.0,1.12
김지수,한화,2021,RF,0.104,59.0,1.01,1.0,0.94,0.03,0.0,0.0,0.27
박상언,한화,2022,C,0.101,329.2,0.97,0.971,0.19,-1.32,-0.61,-0.01,0.0
김현민,한화,2021,2B,0.096,13.0,0.91,1.0,0.86,0.03,0.0,0.0,0.0
유장혁,한화,2020,LF,0.093,104.1,0.97,1.0,1.93,0.06,0.0,0.0,-0.45
정경운,한화,2018,2B,0.092,47.2,1.02,1.0,0.84,0.13,0.0,0.0,0.0
박정현,한화,2020,SS,0.088,105.0,0.93,0.982,0.36,0.11,0.0,0.0,0.0
강상원,한화,2018,RF,0.087,23.0,0.95,1.0,1.57,0.02,0.0,0.0,-0.54
이시원,한화,2018,LF,0.08,119.0,0.89,1.0,0.33,0.08,0.0,0.0,0.78
임종찬,한화,2022,RF,0.074,138.0,0.7,0.963,0.38,-0.09,0.0,0.0,1.08
김종민,한화,2019,C,0.071,50.2,0.68,1.0,0.08,0.07,0.12,0.0,0.0
김회성,한화,2018,3B,0.067,244.2,0.75,1.0,0.75,0.58,0.0,0.0,0.0
백용환,한화,2021,C,0.059,164.2,0.6,0.994,0.2,0.05,-0.92,-0.03,0.0
장진혁,한화,2018,LF,0.054,117.2,0.6,1.0,-0.41,0.08,0.0,0.0,1.41
송광민,한화,2020,3B,0.053,542.2,0.56,0.979,1.85,0.13,0.0,0.0,0.0
박상언,한화,2020,C,0.052,102.1,0.54,0.978,0.27,-0.25,0.03,-0.43,0.0
이창열,한화,2019,3B,0.043,15.0,0.41,1.0,0.33,0.04,0.0,0.0,0.0
정은원,한화,2020,2B,0.034,622.0,0.36,0.988,-1.41,0.64,0.0,0.0,0.0
박한결,한화,2019,SS,0.03,29.0,0.28,1.0,0.05,0.09,0.0,0.0,0.0
하주석,한화,2019,SS,0.015,38.0,0.14,0.913,0.24,-0.28,0.0,0.0,0.0
조한민,한화,2021,RF,0.012,299.2,0.12,0.966,2.44,-0.35,0.0,0.0,-1.09
김창혁,한화,2018,C,0.012,9.1,0.13,0.875,0.0,-0.19,0.32,-0.09,0.0
김창혁,한화,2019,C,0.008,6.0,0.08,1.0,0.0,0.01,0.0,0.02,0.0
이해창,한화,2022,C,0.006,26.0,0.05,1.0,-0.13,0.04,-0.03,-0.03,0.0
강경학,한화,2021,2B,0.005,51.2,0.05,0.957,0.0,-0.05,0.0,0.0,0.0
백용환,한화,2022,C,0.004,3.0,0.04,1.0,0.0,0.0,0.0,0.01,0.0
허관회,한화,2020,C,0.004,7.0,0.04,1.0,0.0,0.01,-0.06,0.03,0.0
이원석,한화,2019,CF,0.003,17.0,0.02,1.0,-0.01,0.01,0.0,0.0,0.04
김회성,한화,2019,1B,0.002,272.1,0.02,0.989,1.1,0.19,0.0,0.0,0.0
최진행,한화,2018,LF,0.001,257.2,0.01,0.984,2.82,0.01,0.0,0.0,-1.36
송광민,한화,2018,3B,-0.005,892.1,-0.05,0.968,0.08,-0.07,0.0,0.0,0.0
김현민,한화,2020,2B,-0.005,8.0,-0.06,0.857,0.11,-0.18,0.0,0.0,0.0
이성열,한화,2021,1B,-0.006,64.0,-0.06,0.98,0.57,-0.08,0.0,0.0,0.0
장규현,한화,2021,C,-0.009,16.0,-0.09,1.0,-0.0,0.02,-0.25,-0.0,0.0
허관회,한화,2022,C,-0.013,13.0,-0.13,1.0,0.0,0.02,-0.18,-0.08,0.0
허인서,한화,2022,C,-0.017,43.0,-0.16,0.971,0.0,-0.14,-0.15,-0.22,0.0
장운호,한화,2019,LF,-0.021,25.0,-0.2,1.0,-0.62,0.02,0.0,0.0,0.53
노시환,한화,2019,1B,-0.022,431.2,-0.21,0.977,1.46,-0.37,-0.06,-0.19,0.0
이도윤,한화,2020,2B,-0.024,66.0,-0.25,1.0,-0.64,0.17,0.0,0.0,0.0
김태연,한화,2019,3B,-0.026,15.1,-0.25,0.875,-0.08,-0.16,0.0,0.0,0.0
장진혁,한화,2020,RF,-0.026,83.0,-0.27,1.0,-1.07,0.05,0.0,0.0,0.98
최승준,한화,2020,1B,-0.026,5.0,-0.28,1.0,-0.25,0.01,0.0,0.0,0.0
허관회,한화,2021,C,-0.037,94.0,-0.37,0.987,-0.17,-0.06,-0.39,-0.55,0.0
이시원,한화,2019,LF,-0.038,72.1,-0.36,1.0,0.37,0.04,0.0,0.0,-0.6
정은원,한화,2019,2B,-0.038,1192.2,-0.37,0.982,-2.47,0.13,0.0,0.0,0.0
양성우,한화,2020,LF,-0.042,25.0,-0.44,1.0,-0.34,0.01,0.0,0.0,0.02
장운호,한화,2022,RF,-0.045,337.0,-0.43,0.973,2.18,-0.15,0.0,0.0,-0.83
김인환,한화,2018,1B,-0.046,2.0,-0.5,1.0,-0.48,0.0,0.0,0.0,0.0
유장혁,한화,2021,CF,-0.047,253.0,-0.46,1.0,-1.15,0.12,0.0,0.0,0.34
김민하,한화,2020,RF,-0.049,164.2,-0.52,0.971,1.31,-0.28,0.0,0.0,-0.67
김태연,한화,2018,3B,-0.051,67.0,-0.57,0.913,-0.27,-0.23,0.0,0.0,0.0
노수광,한화,2020,CF,-0.054,449.1,-0.72,0.984,-1.67,-0.16,0.0,0.0,1.92
이시원,한화,2020,CF,-0.063,87.1,-0.66,1.0,-0.12,0.04,0.0,0.0,-0.52
페레즈,한화,2021,1B,-0.072,465.0,-0.72,0.963,2.43,-1.01,0.0,0.0,-0.51
변우혁,한화,2022,1B,-0.075,91.1,-0.73,0.957,0.05,-0.39,0.0,0.0,0.0
김회성,한화,2020,1B,-0.077,68.0,-0.81,0.951,-0.27,-0.25,0.0,0.0,0.0
정민규,한화,2022,1B,-0.087,58.0,-0.82,0.978,-0.26,-0.09,0.0,0.0,0.0
강경학,한화,2020,2B,-0.091,458.2,-0.96,0.979,-0.94,-0.15,0.0,0.0,-0.01
김지수,한화,2020,LF,-0.094,61.0,-0.99,0.95,-1.19,-0.17,0.0,0.0,0.51
최인호,한화,2020,LF,-0.095,266.2,-0.99,1.0,-1.08,0.16,0.0,0.0,1.38
김태균,한화,2019,1B,-0.103,223.1,-1.0,0.995,0.67,0.2,0.0,0.0,0.0
하주석,한화,2020,SS,-0.103,558.0,-1.09,0.963,-4.01,-0.12,0.0,0.0,0.0
송호정,한화,2021,SS,-0.103,24.0,-1.03,0.8,-1.03,-0.11,0.0,0.0,-0.0
이성열,한화,2020,1B,-0.108,37.0,-1.13,0.971,-0.66,-0.14,0.0,0.0,0.0
권광민,한화,2022,LF,-0.111,184.2,-1.07,1.0,-0.04,0.13,0.0,0.0,-0.24
최윤석,한화,2019,SS,-0.122,32.0,-1.2,0.857,-1.06,-0.3,0.0,0.0,0.0
정기훈,한화,2020,3B,-0.125,66.2,-1.33,0.909,-1.24,-0.22,0.0,0.0,0.0
김인환,한화,2019,1B,-0.131,97.0,-1.25,0.989,-0.43,-0.03,0.0,0.0,0.0
최인호,한화,2021,LF,-0.136,335.2,-1.36,1.0,0.55,0.16,0.0,0.0,-0.34
정진호,한화,2020,LF,-0.139,623.1,-1.47,0.994,0.42,0.15,0.0,0.0,1.02
원혁재,한화,2022,LF,-0.141,55.0,-1.34,1.0,-0.41,0.04,0.0,0.0,-0.71
정민규,한화,2021,3B,-0.148,28.0,-1.48,0.864,-0.92,-0.52,0.0,0.0,0.0
변우혁,한화,2019,1B,-0.155,134.0,-1.5,0.993,-0.45,0.04,0.0,0.0,0.0
강상원,한화,2021,CF,-0.162,130.0,-1.62,1.0,-0.59,0.07,0.0,0.0,-0.84
김태균,한화,2018,1B,-0.163,145.0,-1.82,0.986,-0.26,-0.17,0.0,0.0,0.0
유상빈,한화,2022,LF,-0.164,101.0,-1.6,1.0,-0.08,0.07,0.0,0.0,-1.08
노태형,한화,2020,2B,-0.165,248.2,-1.74,0.968,-1.02,-0.44,0.0,0.0,0.0
유장혁,한화,2019,LF,-0.165,137.1,-1.59,1.0,-1.25,0.08,0.0,0.0,0.01
이원석,한화,2022,CF,-0.178,86.0,-1.71,0.955,-0.03,-0.14,0.0,0.0,-1.53
오선진,한화,2018,3B,-0.182,349.2,-2.02,0.955,-2.75,-0.02,0.0,0.0,0.0
최진행,한화,2019,LF,-0.186,267.0,-1.8,1.0,0.46,0.14,0.0,0.0,-1.07
조한민,한화,2020,SS,-0.196,120.2,-2.08,0.907,-2.08,-0.64,0.0,0.0,0.0
이성곤,한화,2022,1B,-0.2,175.1,-1.91,0.989,-0.41,-0.06,0.0,0.0,0.0
김태균,한화,2020,1B,-0.205,402.0,-2.15,1.0,0.82,0.64,0.0,0.0,0.0
노시환,한화,2021,3B,-0.216,823.2,-2.21,0.934,-2.07,-1.45,0.0,0.0,0.0
정은원,한화,2018,2B,-0.228,519.2,-2.54,0.98,-4.17,0.42,0.0,0.0,0.0
장운호,한화,2021,RF,-0.23,725.0,-2.29,1.0,-1.24,0.41,0.0,0.0,1.15
장진혁,한화,2019,CF,-0.234,742.2,-2.26,0.986,-1.02,-0.14,0.0,0.0,0.27
노태형,한화,2021,1B,-0.243,75.0,-2.41,0.968,-1.67,-0.24,0.0,0.0,0.0
임종찬,한화,2020,RF,-0.247,266.1,-2.61,1.0,-1.38,0.16,0.0,0.0,0.04
장지승,한화,2021,RF,-0.258,146.0,-2.57,0.97,0.15,-0.11,0.0,0.0,-1.87
이원석,한화,2021,CF,-0.261,300.0,-2.58,0.987,-2.6,-0.06,0.0,0.0,-0.39
박한결,한화,2020,SS,-0.268,59.1,-2.84,0.926,-2.94,-0.22,0.0,0.0,0.0
김태연,한화,2022,3B,-0.268,719.0,-2.58,0.951,-2.62,-0.93,0.0,0.0,0.53
장운호,한화,2020,RF,-0.274,59.1,-2.91,1.0,-2.3,0.03,0.0,0.0,-0.38
노수광,한화,2022,LF,-0.287,719.2,-2.75,0.98,1.32,-0.33,0.0,0.0,-0.66
유로결,한화,2022,LF,-0.288,160.2,-2.72,0.969,-1.86,-0.09,0.0,0.0,-0.09
이성곤,한화,2021,1B,-0.292,283.0,-2.96,0.985,-0.23,-0.27,0.0,0.0,0.0
김문호,한화,2020,1B,-0.294,81.0,-3.14,1.0,-2.07,0.1,0.0,0.0,-0.53
최진행,한화,2020,LF,-0.296,146.0,-3.13,0.97,-1.22,-0.12,0.0,0.0,-1.0
호잉,한화,2020,RF,-0.298,278.0,-3.11,1.0,-1.57,0.17,0.0,0.0,-0.22
백창수,한화,2019,LF,-0.315,106.2,-3.04,1.0,-3.33,0.06,0.0,0.0,0.75
정근우,한화,2019,CF,-0.329,560.0,-3.18,0.98,-0.36,-0.61,0.0,0.0,-1.08
김인환,한화,2022,1B,-0.388,604.2,-3.74,0.994,0.9,0.36,0.0,0.0,0.0
강경학,한화,2019,SS,-0.391,273.0,-3.79,0.979,-3.99,-0.08,0.0,0.0,0.0
터크먼,한화,2022,CF,-0.44,1163.2,-4.31,0.987,-4.45,-0.24,0.0,0.0,-1.19
노시환,한화,2022,3B,-0.479,826.2,-4.68,0.974,-3.95,0.21,0.0,0.0,0.0
양성우,한화,2019,LF,-0.5,301.1,-4.8,1.0,-2.62,0.17,0.0,0.0,-0.92
백창수,한화,2018,LF,-0.515,325.2,-5.74,0.977,-3.45,-0.43,0.0,0.0,0.54
이진영,한화,2022,RF,-0.537,486.1,-5.15,0.978,-0.92,-0.02,0.0,0.0,-1.81
정근우,한화,2018,2B,-0.547,575.0,-6.15,0.975,-4.54,-0.97,0.0,0.0,1.34
정은원,한화,2022,2B,-0.579,990.2,-5.66,0.969,-6.59,-0.75,0.0,0.0,0.0
임종찬,한화,2021,RF,-0.665,329.0,-6.58,0.986,-2.89,0.02,0.0,0.0,-2.03
이성열,한화,2018,1B,-0.793,577.2,-8.93,0.991,-3.42,0.02,0.0,0.0,-0.49
이용규,한화,2020,CF,-0.89,878.1,-9.52,0.988,-4.68,-0.17,0.0,0.0,-5.7
이성열,한화,2019,RF,-0.979,551.0,-9.6,0.982,-4.26,-0.4,0.0,0.0,-1.55
오지환,LG,2019,SS,1.896,1101.0,18.3,0.981,11.75,1.08,0.0,0.0,0.0
오지환,LG,2021,SS,1.872,1060.2,18.65,0.976,11.74,1.47,0.0,0.0,0.0
박해민,LG,2022,CF,1.858,1206.0,17.86,0.995,14.97,0.39,0.0,0.0,0.52
오지환,LG,2020,SS,1.786,1142.0,18.98,0.975,12.31,0.43,0.0,0.0,0.0
오지환,LG,2022,SS,1.275,1167.0,12.47,0.974,4.97,1.63,0.0,0.0,0.0
이형종,LG,2019,LF,1.048,756.1,10.17,0.991,11.53,0.09,0.0,0.0,1.2
홍창기,LG,2020,CF,0.994,943.2,10.6,0.993,9.83,0.09,0.0,0.0,1.65
유강남,LG,2020,C,0.968,1009.2,10.28,0.998,-0.99,1.04,0.18,0.86,0.0
김민성,LG,2021,3B,0.933,861.2,9.28,0.971,6.52,1.28,0.0,0.0,0.0
오지환,LG,2018,SS,0.888,1198.2,9.9,0.963,3.97,-0.95,0.0,0.0,0.0
유강남,LG,2022,C,0.817,1008.1,7.88,0.992,0.48,0.07,-2.31,1.3,0.0
유강남,LG,2021,C,0.761,961.0,7.64,0.996,-1.56,0.63,0.04,0.25,0.0
문보경,LG,2022,3B,0.752,1006.2,7.33,0.984,6.91,1.32,0.0,0.0,0.0
유강남,LG,2018,C,0.717,952.0,8.06,0.992,-0.65,0.06,-0.21,-0.31,0.0
문성주,LG,2022,RF,0.663,456.1,6.44,1.0,8.05,0.34,0.0,0.0,0.32
유강남,LG,2019,C,0.634,968.1,6.17,0.992,0.07,-0.13,-1.22,-0.63,0.0
문보경,LG,2021,1B,0.506,664.1,5.06,0.991,7.35,0.59,0.0,0.0,0.0
윤진호,LG,2019,2B,0.457,248.0,4.39,0.982,3.55,0.27,0.0,0.0,0.0
구본혁,LG,2020,3B,0.387,381.1,4.08,0.969,2.89,0.08,0.0,0.0,0.0
홍창기,LG,2022,RF,0.382,898.1,3.71,0.995,5.75,0.52,0.0,0.0,1.64
구본혁,LG,2019,3B,0.378,271.1,3.61,0.99,2.21,0.6,0.0,0.0,0.0
정주현,LG,2019,2B,0.367,972.0,3.52,0.976,2.3,-0.38,0.0,0.0,0.0
정주현,LG,2018,2B,0.319,771.1,3.55,0.965,3.07,-0.96,0.0,0.0,-0.0
구본혁,LG,2021,SS,0.291,265.0,2.91,0.985,1.61,0.46,0.0,0.0,0.0
양석환,LG,2020,3B,0.287,293.0,3.01,0.977,3.96,-0.09,0.0,0.0,0.0
정상호,LG,2018,C,0.272,313.2,3.01,0.997,0.11,0.28,-0.5,0.14,0.0
김민성,LG,2019,3B,0.27,841.2,2.62,0.975,0.02,1.2,0.0,0.0,0.0
김민성,LG,2020,3B,0.253,639.2,2.67,0.967,0.55,0.96,0.0,0.0,0.0
이성우,LG,2019,C,0.252,208.0,2.41,0.988,0.2,-0.13,0.08,0.55,0.0
양석환,LG,2018,3B,0.227,1069.1,2.52,0.967,2.64,-0.01,0.0,0.0,0.0
이재원,LG,2021,RF,0.225,366.0,2.25,1.0,2.89,0.21,0.0,0.0,0.97
홍창기,LG,2019,RF,0.214,50.0,2.06,1.0,1.46,0.03,0.0,0.0,0.72
이형종,LG,2018,CF,0.196,858.1,2.2,0.996,1.81,0.31,0.0,0.0,-0.06
김재성,LG,2021,C,0.187,198.2,1.86,0.994,0.14,0.1,-0.07,-0.0,0.0
정주현,LG,2021,2B,0.175,505.0,1.75,0.961,1.97,-1.08,0.0,0.0,0.0
서건창,LG,2021,2B,0.172,463.2,1.72,0.996,-0.09,1.01,0.0,0.0,0.0
허도환,LG,2022,C,0.165,254.2,1.59,1.0,0.56,0.37,-0.81,-0.64,0.0
이성우,LG,2020,C,0.156,236.0,1.65,0.995,-0.45,0.14,-0.57,0.4,0.0
문성주,LG,2021,LF,0.139,181.0,1.38,0.98,3.17,-0.11,0.0,0.0,-0.99
백승현,LG,2019,3B,0.131,77.0,1.23,0.972,1.02,0.01,0.0,0.0,0.0
장준원,LG,2020,3B,0.125,186.0,1.32,0.98,0.64,0.35,0.0,0.0,0.0
신민재,LG,2020,CF,0.124,90.0,1.32,1.0,1.16,0.08,0.0,0.0,-0.09
이영빈,LG,2022,2B,0.119,145.0,1.14,0.979,0.86,0.05,0.0,0.0,-0.0
이성우,LG,2021,C,0.119,112.2,1.18,0.991,0.2,-0.03,-0.26,0.32,0.0
박용택,LG,2018,LF,0.118,33.0,1.33,1.0,1.61,0.03,0.0,0.0,-0.12
이상호,LG,2021,2B,0.115,181.0,1.15,0.979,1.0,0.08,0.0,0.0,-0.0
김현수,LG,2018,LF,0.113,971.0,1.28,0.991,8.54,0.15,0.0,0.0,0.03
이주형,LG,2021,1B,0.104,26.0,1.03,1.0,1.18,0.04,0.0,0.0,-0.01
이형종,LG,2022,RF,0.097,34.2,0.93,1.0,1.25,0.04,0.0,0.0,-0.15
백승현,LG,2020,3B,0.094,112.0,0.99,0.971,0.6,0.14,0.0,0.0,0.0
이우찬,LG,2019,DH,0.085,91.0,0.82,0.963,0.77,0.01,0.0,0.04,0.0
안익훈,LG,2018,CF,0.083,274.0,0.91,1.0,0.55,0.15,0.0,0.0,-0.3
이천웅,LG,2021,CF,0.081,405.2,0.81,1.0,1.15,0.19,0.0,0.0,-0.28
윤진호,LG,2018,3B,0.08,241.2,0.89,0.981,-0.06,0.29,0.0,0.0,0.0
신민재,LG,2021,2B,0.074,64.0,0.74,0.964,0.87,-0.08,0.0,0.0,-0.11
채은성,LG,2020,RF,0.07,678.1,0.75,0.989,4.97,0.0,0.0,0.0,-0.51
김호은,LG,2020,1B,0.067,120.1,0.71,0.99,1.9,-0.03,0.0,0.0,-0.14
박용택,LG,2019,LF,0.067,25.2,0.65,1.0,0.77,0.01,0.0,0.0,-0.01
한석현,LG,2022,RF,0.065,27.0,0.61,1.0,0.61,0.02,0.0,0.0,0.04
홍창기,LG,2018,LF,0.064,50.0,0.7,1.0,0.3,0.04,0.0,0.0,0.66
백승현,LG,2018,SS,0.055,19.2,0.6,1.0,0.43,0.06,0.0,0.0,0.0
박재욱,LG,2020,C,0.049,47.0,0.52,1.0,0.27,0.07,0.02,-0.27,0.0
신민재,LG,2019,2B,0.041,187.1,0.4,1.0,0.57,0.34,0.0,0.0,-0.82
김기연,LG,2022,C,0.034,24.0,0.33,1.0,0.0,0.04,0.0,0.1,0.0
전준호,LG,2019,C,0.034,24.0,0.32,1.0,0.0,0.03,0.0,0.09,0.0
채은성,LG,2019,RF,0.033,886.1,0.32,0.985,3.29,0.11,0.0,0.0,1.38
김재성,LG,2019,C,0.032,17.0,0.31,1.0,0.0,0.02,0.08,0.07,0.0
루이즈,LG,2022,3B,0.031,209.0,0.29,0.955,-0.06,0.01,0.0,0.0,0.0
김재율,LG,2018,1B,0.03,86.0,0.34,1.0,0.98,0.14,0.0,0.0,0.0
한석현,LG,2020,RF,0.027,8.1,0.29,1.0,0.33,0.0,0.0,0.0,0.0
최민창,LG,2021,CF,0.023,6.0,0.23,1.0,0.25,0.0,0.0,0.0,-0.02
최재원,LG,2020,CF,0.017,8.0,0.18,1.0,0.33,0.01,0.0,0.0,-0.14
윤대영,LG,2018,1B,0.013,39.2,0.14,1.0,0.45,0.06,0.0,0.0,0.0
신민재,LG,2022,CF,0.011,13.1,0.11,1.0,0.19,0.01,0.0,0.0,-0.08
양원혁,LG,2018,2B,0.008,19.0,0.09,0.75,0.2,-0.15,0.0,0.0,0.0
김기연,LG,2018,C,0.004,3.0,0.05,1.0,0.0,0.0,0.0,0.01,0.0
이재원,LG,2022,LF,0.004,310.0,0.04,0.985,1.64,0.02,0.0,0.0,-0.11
김용의,LG,2020,1B,0.003,215.0,0.03,1.0,1.58,0.35,0.0,0.0,-0.23
송찬의,LG,2022,2B,0.003,163.0,0.03,0.964,0.96,-0.45,0.0,0.0,-0.29
박재욱,LG,2022,C,0.001,1.0,0.01,1.0,0.0,0.0,0.0,0.0,0.0
안익훈,LG,2022,RF,0.0,25.0,0.0,1.0,0.08,0.02,0.0,0.0,-0.03
최민창,LG,2022,LF,-0.001,13.0,-0.01,1.0,0.24,0.01,0.0,0.0,-0.2
김호은,LG,2022,1B,-0.002,3.0,-0.02,1.0,0.0,0.01,0.0,0.0,0.0
문성주,LG,2018,CF,-0.005,4.0,-0.06,1.0,0.22,0.0,0.0,0.0,-0.28
박지규,LG,2020,2B,-0.007,4.0,-0.07,1.0,-0.09,0.01,0.0,0.0,0.0
김민성,LG,2022,3B,-0.011,358.1,-0.11,0.959,-0.95,0.25,0.0,0.0,0.0
김호은,LG,2021,1B,-0.021,9.0,-0.2,1.0,-0.15,0.02,0.0,0.0,0.0
전민수,LG,2020,RF,-0.025,8.0,-0.26,0.5,-0.09,-0.2,0.0,0.0,0.06
김재율,LG,2019,3B,-0.033,19.0,-0.31,1.0,-0.39,0.05,0.0,0.0,0.0
장준원,LG,2021,3B,-0.037,9.0,-0.37,0.833,-0.19,-0.17,0.0,0.0,0.0
양종민,LG,2019,3B,-0.039,119.2,-0.36,0.925,0.12,-0.48,0.0,0.0,0.0
김용의,LG,2021,1B,-0.042,172.2,-0.42,0.994,0.83,0.12,0.0,0.0,-0.01
정상호,LG,2019,C,-0.045,64.0,-0.43,1.0,-0.34,0.08,-0.49,-0.21,0.0
류형우,LG,2019,1B,-0.051,29.0,-0.49,1.0,-0.43,0.06,0.0,0.0,0.0
서상우,LG,2019,1B,-0.052,6.1,-0.51,1.0,-0.47,0.01,0.0,0.0,0.0
이상호,LG,2022,2B,-0.054,188.2,-0.52,0.967,-0.28,-0.29,0.0,0.0,0.0
이천웅,LG,2022,LF,-0.058,24.0,-0.56,1.0,-0.34,0.02,0.0,0.0,-0.15
이재원,LG,2020,RF,-0.065,46.0,-0.68,0.909,0.13,-0.17,0.0,0.0,-0.4
서상우,LG,2018,1B,-0.068,64.0,-0.76,0.985,-0.05,-0.1,0.0,0.0,0.0
한석현,LG,2021,LF,-0.084,58.0,-0.85,0.875,0.03,-0.17,0.0,0.0,-0.45
임훈,LG,2018,LF,-0.094,137.2,-1.05,1.0,0.09,0.1,0.0,0.0,-0.68
김주성,LG,2021,3B,-0.104,13.0,-1.09,0.333,-0.75,-0.36,0.0,0.0,0.0
박지규,LG,2019,2B,-0.113,43.0,-1.11,0.941,-1.08,-0.1,0.0,0.0,0.0
조셉,LG,2019,1B,-0.124,357.0,-1.21,0.99,1.93,-0.16,0.0,0.0,0.0
손호영,LG,2021,SS,-0.138,31.2,-1.39,0.923,-1.43,-0.08,0.0,0.0,0.0
가르시아,LG,2022,2B,-0.139,330.1,-1.34,0.963,-1.6,-0.3,0.0,0.0,0.0
문선재,LG,2018,LF,-0.144,15.0,-1.63,1.0,-1.32,0.01,0.0,0.0,-0.24
이영빈,LG,2021,1B,-0.144,296.0,-1.45,0.971,0.17,-0.67,0.0,0.0,0.0
손호영,LG,2020,3B,-0.169,73.0,-1.81,0.882,-1.73,-0.18,0.0,0.0,0.0
안익훈,LG,2021,CF,-0.182,82.0,-1.84,1.0,-1.55,0.04,0.0,0.0,-0.17
정주현,LG,2020,2B,-0.189,896.0,-2.0,0.982,-3.69,0.07,0.0,0.0,0.0
이천웅,LG,2020,CF,-0.193,653.2,-2.04,0.994,-1.32,0.12,0.0,0.0,-1.78
김용의,LG,2018,1B,-0.193,444.1,-2.14,0.998,1.69,0.51,0.0,0.0,-0.16
가르시아,LG,2018,3B,-0.204,273.1,-2.32,0.882,-1.82,-1.03,0.0,0.0,0.0
김현수,LG,2019,LF,-0.216,1041.1,-2.11,0.998,3.34,0.6,0.0,0.0,-0.12
보어,LG,2021,1B,-0.218,200.0,-2.16,0.985,-0.24,-0.22,0.0,0.0,0.0
전민수,LG,2019,RF,-0.232,129.0,-2.25,1.0,-3.13,0.09,0.0,0.0,1.41
라모스,LG,2021,1B,-0.252,287.0,-2.54,0.987,0.2,-0.26,0.0,0.0,0.0
박지규,LG,2018,2B,-0.258,134.1,-2.85,0.971,-3.03,-0.04,0.0,0.0,0.0
서건창,LG,2022,2B,-0.281,474.0,-2.71,0.984,-3.95,0.46,0.0,0.0,0.0
라모스,LG,2020,1B,-0.282,827.1,-3.05,0.993,4.51,0.11,0.0,0.0,0.0
이형종,LG,2021,LF,-0.297,306.2,-2.99,0.969,-2.45,-0.23,0.0,0.0,1.27
페게로,LG,2019,1B,-0.321,233.0,-3.16,0.97,-0.95,-0.83,0.0,0.0,0.44
이형종,LG,2020,RF,-0.338,534.0,-3.65,0.968,1.6,-0.49,0.0,0.0,-1.91
손호영,LG,2022,2B,-0.353,193.0,-3.43,0.963,-3.6,-0.24,0.0,0.0,0.0
강승호,LG,2018,2B,-0.414,266.0,-4.57,0.96,-4.38,-0.69,0.0,0.0,0.0
채은성,LG,2021,RF,-0.422,642.1,-4.3,0.993,-0.84,0.23,0.0,0.0,-0.32
김현수,LG,2020,LF,-0.428,936.0,-4.63,0.996,-1.64,0.36,0.0,0.0,1.98
김용의,LG,2019,1B,-0.454,505.0,-4.39,0.99,-0.38,-0.08,0.0,0.0,-0.0
이천웅,LG,2018,LF,-0.493,758.2,-5.55,0.995,-2.22,0.32,0.0,0.0,-1.55
김현수,LG,2022,LF,-0.496,802.1,-4.89,0.989,0.6,0.12,0.0,0.0,-1.54
이천웅,LG,2019,CF,-0.503,1070.1,-4.93,0.996,-7.18,0.47,0.0,0.0,0.18
김현수,LG,2021,LF,-0.514,631.1,-5.23,1.0,-0.08,0.31,0.0,0.0,-2.1
홍창기,LG,2021,CF,-0.622,1117.2,-6.42,0.992,-3.84,0.17,0.0,0.0,-3.12
정근우,LG,2020,2B,-0.624,253.0,-6.61,0.94,-5.84,-1.22,0.0,0.0,0.0
채은성,LG,2022,1B,-0.693,968.0,-6.76,0.99,1.62,-0.18,0.0,0.0,-0.21
채은성,LG,2018,RF,-1.418,1147.2,-16.17,0.989,-7.25,0.1,0.0,0.0,-2.29
마차도,롯데,2020,SS,1.896,1180.2,20.04,0.984,12.07,1.55,0.0,0.0,0.0
마차도,롯데,2021,SS,1.254,1076.2,12.55,0.981,5.07,1.93,0.0,0.0,0.0
번즈,롯데,2018,2B,0.761,1073.0,8.5,0.966,7.99,-1.54,0.0,0.0,0.0
한동희,롯데,2020,3B,0.746,1103.0,7.9,0.96,7.53,-0.21,0.0,0.0,0.0
나종덕,롯데,2018,C,0.563,548.1,6.16,0.993,0.13,0.04,0.93,-0.09,0.0
김준태,롯데,2020,C,0.544,793.0,5.74,0.99,0.74,-0.27,-2.0,0.09,0.0
이학주,롯데,2022,SS,0.536,616.0,5.09,0.961,2.23,-0.16,0.0,0.0,0.0
나종덕,롯데,2019,C,0.45,556.2,4.28,0.99,0.14,-0.27,1.12,-1.25,0.0
안중열,롯데,2021,C,0.382,364.2,3.84,0.997,-0.1,0.34,0.98,-0.53,0.0
조홍석,롯데,2018,CF,0.352,124.1,3.87,1.0,2.16,0.07,0.0,0.0,1.6
박승욱,롯데,2022,SS,0.347,554.0,3.32,0.963,1.01,0.02,0.0,0.0,0.0
안중열,롯데,2018,C,0.329,446.2,3.66,0.988,-0.1,-0.31,-0.29,0.1,0.0
정보근,롯데,2020,C,0.319,416.1,3.32,0.995,-1.09,0.19,0.34,0.16,0.0
지시완,롯데,2022,C,0.301,426.1,2.89,0.995,0.06,0.22,-1.02,0.11,0.0
정보근,롯데,2022,C,0.299,585.2,2.84,0.991,-1.04,-0.34,0.17,-0.72,0.0
지시완,롯데,2021,C,0.253,448.1,2.55,0.998,0.08,0.47,-0.41,-1.45,0.0
문규현,롯데,2018,SS,0.24,735.1,2.66,0.964,-1.15,-0.25,0.0,0.0,0.0
안중열,롯데,2019,C,0.206,381.0,1.98,0.984,0.4,-0.5,-0.16,-0.9,0.0
한태양,롯데,2022,SS,0.198,187.0,1.87,0.945,1.33,-0.28,0.0,0.0,0.0
조홍석,롯데,2019,RF,0.171,125.2,1.63,1.0,1.69,0.09,0.0,0.0,0.18
김준태,롯데,2021,C,0.17,286.0,1.71,0.996,-0.1,0.22,-0.57,-0.31,0.0
정보근,롯데,2019,C,0.158,89.2,1.49,1.0,0.09,0.12,0.41,0.15,0.0
김동한,롯데,2018,3B,0.152,193.0,1.67,0.957,1.34,-0.06,0.0,0.0,0.0
전병우,롯데,2018,3B,0.131,158.0,1.49,0.983,0.84,0.25,0.0,0.0,0.0
신본기,롯데,2020,3B,0.127,293.2,1.34,0.983,0.1,0.43,0.0,0.0,0.0
김동한,롯데,2019,2B,0.117,177.1,1.13,0.977,0.78,0.04,0.0,0.0,0.0
윌슨,롯데,2019,3B,0.113,534.2,1.1,0.983,0.65,0.6,0.0,0.0,0.0
강태율,롯데,2022,C,0.076,82.0,0.71,1.0,-0.33,0.12,0.4,-0.14,0.0
배성근,롯데,2020,SS,0.069,17.0,0.69,1.0,0.55,0.05,0.0,0.0,0.0
안중열,롯데,2022,C,0.054,186.2,0.52,0.977,-0.02,-0.53,-0.15,-0.32,0.0
나경민,롯데,2018,CF,0.046,161.2,0.52,1.0,1.06,0.09,0.0,0.0,-0.62
김재유,롯데,2020,CF,0.044,272.1,0.46,0.974,1.13,-0.26,0.0,0.0,-0.11
강태율,롯데,2020,C,0.043,39.2,0.46,1.0,0.0,0.06,-0.13,0.17,0.0
이주찬,롯데,2021,2B,0.036,17.0,0.34,1.0,0.23,0.05,0.0,0.0,0.0
강로한,롯데,2021,CF,0.031,79.2,0.31,0.971,0.3,-0.16,0.0,0.0,0.12
김민수,롯데,2020,3B,0.029,20.2,0.3,1.0,0.2,0.06,0.0,0.0,0.0
정보근,롯데,2021,C,0.029,54.0,0.29,0.979,0.04,-0.12,0.09,-0.18,0.0
이호연,롯데,2020,1B,0.028,4.1,0.28,1.0,0.31,0.01,0.0,0.0,0.0
나경민,롯데,2019,CF,0.027,119.2,0.26,1.0,0.79,0.08,0.0,0.0,-0.53
황진수,롯데,2019,3B,0.025,10.1,0.24,1.0,0.19,0.03,0.0,0.0,0.0
나원탁,롯데,2018,C,0.024,57.0,0.26,0.967,0.34,-0.31,-0.19,-0.07,0.0
손성빈,롯데,2021,C,0.022,37.2,0.22,1.0,-0.0,0.06,0.09,-0.25,0.0
오윤석,롯데,2018,3B,0.021,23.0,0.23,1.0,0.13,0.06,0.0,0.0,0.0
추재현,롯데,2021,CF,0.02,586.1,0.2,0.986,0.3,-0.11,0.0,0.0,0.85
최종은,롯데,2021,2B,0.013,1.0,0.13,1.0,0.13,0.0,0.0,0.0,0.0
김강현,롯데,2020,C,0.013,9.0,0.13,1.0,0.0,0.01,0.0,0.04,0.0
이호연,롯데,2021,1B,0.013,12.0,0.12,1.0,0.17,0.03,0.0,0.0,0.0
이석훈,롯데,2019,CF,0.01,6.0,0.1,1.0,0.09,0.0,0.0,0.0,-0.01
지시완,롯데,2020,C,0.009,19.1,0.09,1.0,0.14,0.03,-0.13,-0.12,0.0
김사훈,롯데,2019,C,0.008,6.0,0.08,1.0,0.0,0.01,0.0,0.02,0.0
김동한,롯데,2020,3B,0.007,154.1,0.08,0.95,0.06,-0.17,0.0,0.0,-0.09
김사훈,롯데,2018,C,0.005,233.2,0.06,0.992,-0.78,-0.04,-1.24,-0.1,0.0
김주현,롯데,2021,1B,0.004,11.0,0.04,1.0,0.11,0.02,0.0,0.0,0.0
아수아헤,롯데,2019,2B,-0.004,385.0,-0.04,0.986,-0.97,0.28,0.0,0.0,0.0
스트레일리,롯데,2020,DH,-0.008,194.2,-0.08,0.9,-0.0,-0.21,0.0,0.13,0.0
신용수,롯데,2020,RF,-0.01,17.1,-0.11,1.0,-0.11,0.01,0.0,0.0,0.09
최민재,롯데,2021,LF,-0.012,60.0,-0.12,1.0,0.16,0.03,0.0,0.0,-0.15
김준태,롯데,2019,C,-0.012,236.0,-0.11,0.991,-0.05,-0.09,-0.65,-1.26,0.0
김재유,롯데,2021,CF,-0.016,377.1,-0.16,0.962,-0.85,-0.62,0.0,0.0,0.92
한동희,롯데,2018,3B,-0.02,505.0,-0.22,0.914,-0.2,-0.98,0.0,0.0,0.0
배성근,롯데,2022,2B,-0.023,98.1,-0.22,0.98,-0.5,0.08,0.0,0.0,0.0
김민수,롯데,2022,RF,-0.024,16.0,-0.23,1.0,-0.16,0.01,0.0,0.0,-0.0
박헌도,롯데,2018,LF,-0.027,12.0,-0.3,1.0,-0.25,0.01,0.0,0.0,0.01
이대호,롯데,2022,1B,-0.03,63.0,-0.29,1.0,0.11,0.12,0.0,0.0,0.0
허일,롯데,2019,CF,-0.033,162.2,-0.32,0.977,-0.21,-0.08,0.0,0.0,0.2
김세민,롯데,2022,2B,-0.034,13.0,-0.33,1.0,-0.41,0.04,0.0,0.0,0.0
이병규,롯데,2021,1B,-0.035,17.0,-0.35,1.0,-0.24,0.03,0.0,0.0,0.0
정준혁,롯데,2019,LF,-0.046,24.0,-0.45,1.0,-0.28,0.01,0.0,0.0,-0.06
문규현,롯데,2019,3B,-0.051,153.0,-0.49,0.963,-0.56,-0.17,0.0,0.0,0.0
강로한,롯데,2020,CF,-0.055,49.0,-0.58,0.889,-0.34,-0.18,0.0,0.0,-0.05
추재현,롯데,2020,CF,-0.061,48.1,-0.64,1.0,-0.24,0.03,0.0,0.0,-0.39
한동희,롯데,2021,3B,-0.065,1004.2,-0.66,0.955,-2.62,0.31,0.0,0.0,0.0
장두성,롯데,2022,CF,-0.066,93.1,-0.63,1.0,-0.0,0.06,0.0,0.0,-0.84
강태율,롯데,2021,C,-0.067,79.2,-0.67,0.94,-0.6,-0.68,-0.05,-0.01,0.0
윤동희,롯데,2022,1B,-0.084,28.0,-0.8,0.971,-0.43,-0.15,0.0,0.0,0.0
허일,롯데,2018,RF,-0.085,17.0,-0.95,1.0,-0.77,0.01,0.0,0.0,-0.09
조세진,롯데,2022,RF,-0.085,192.1,-0.8,0.975,-0.44,-0.05,0.0,0.0,0.62
고승민,롯데,2019,2B,-0.086,185.0,-0.83,0.983,-1.16,0.02,0.0,0.0,0.0
황진수,롯데,2018,3B,-0.086,53.0,-0.96,0.875,-0.59,-0.45,0.0,0.0,0.0
이대호,롯데,2021,1B,-0.09,119.1,-0.91,0.983,0.28,-0.18,0.0,0.0,0.0
김민수,롯데,2019,3B,-0.099,89.0,-0.95,0.957,-1.16,0.05,0.0,0.0,0.0
한동희,롯데,2019,3B,-0.113,401.0,-1.08,0.945,-0.49,-0.72,0.0,0.0,0.0
김민수,롯데,2022,3B,-0.126,337.1,-1.21,0.977,-0.82,-0.11,0.0,0.0,0.0
김민수,롯데,2021,2B,-0.128,471.0,-1.28,0.989,-1.83,0.66,0.0,0.0,0.0
나승엽,롯데,2021,1B,-0.128,231.1,-1.28,0.963,-0.0,-0.43,0.0,0.0,0.0
허일,롯데,2020,LF,-0.138,154.0,-1.45,1.0,0.1,0.09,0.0,0.0,-0.9
이대호,롯데,2019,1B,-0.139,147.2,-1.36,0.994,-0.19,0.06,0.0,0.0,0.0
신본기,롯데,2018,SS,-0.155,1059.1,-1.73,0.954,-4.95,-0.82,0.0,0.0,0.0
전병우,롯데,2019,1B,-0.161,100.2,-1.53,0.975,-0.9,-0.19,0.0,0.0,0.0
민병헌,롯데,2018,CF,-0.189,928.2,-2.12,0.995,-2.04,0.31,0.0,0.0,-0.97
이호연,롯데,2022,3B,-0.19,483.1,-1.82,0.986,-1.7,0.48,0.0,0.0,0.0
장두성,롯데,2021,CF,-0.193,114.0,-1.94,0.941,-2.28,-0.14,0.0,0.0,0.38
민병헌,롯데,2019,CF,-0.198,799.0,-1.94,0.99,-3.59,0.1,0.0,0.0,0.35
오윤석,롯데,2021,2B,-0.21,148.2,-2.12,0.983,-1.34,-0.08,0.0,0.0,0.0
추재현,롯데,2022,RF,-0.215,136.0,-2.07,0.967,-1.28,-0.08,0.0,0.0,-0.0
배성근,롯데,2019,2B,-0.234,112.1,-2.27,0.942,-2.21,-0.31,0.0,0.0,0.0
이대호,롯데,2020,1B,-0.254,443.1,-2.69,0.996,1.04,0.3,0.0,0.0,0.0
신용수,롯데,2019,SS,-0.255,54.1,-2.47,0.857,-1.98,-0.65,0.0,-0.06,0.0
정훈,롯데,2018,1B,-0.257,321.0,-2.88,0.99,-1.77,0.02,0.0,0.0,0.17
신용수,롯데,2022,RF,-0.263,146.0,-2.56,1.0,-1.6,0.11,0.0,0.0,-0.39
민병헌,롯데,2021,CF,-0.291,88.1,-2.91,1.0,-2.38,0.04,0.0,0.0,-0.72
이병규,롯데,2018,LF,-0.316,211.1,-3.57,0.985,-2.65,0.0,0.0,0.0,0.45
고승민,롯데,2022,RF,-0.321,521.2,-3.14,0.982,-1.47,0.02,0.0,0.0,0.93
안치홍,롯데,2020,2B,-0.325,919.1,-3.46,0.972,-4.39,-0.68,0.0,0.0,0.0
배성근,롯데,2021,SS,-0.33,264.2,-3.32,0.948,-3.82,-0.51,0.0,0.0,0.0
정훈,롯데,2022,1B,-0.345,614.2,-3.3,0.995,1.16,0.58,0.0,0.0,0.0
김문호,롯데,2018,LF,-0.346,150.2,-3.86,0.938,-0.79,-0.28,0.0,0.0,-2.03
김문호,롯데,2019,CF,-0.358,185.0,-3.47,0.974,-2.35,-0.08,0.0,0.0,-0.78
이병규,롯데,2020,1B,-0.365,236.2,-3.91,0.992,-1.71,-0.03,0.0,0.0,0.0
오윤석,롯데,2020,2B,-0.385,361.2,-4.13,0.968,-3.33,-0.58,0.0,0.0,0.0
이대호,롯데,2018,1B,-0.454,398.2,-5.15,0.992,-1.71,0.07,0.0,0.0,0.0
신본기,롯데,2019,SS,-0.455,942.2,-4.39,0.969,-9.11,0.16,0.0,0.0,0.0
채태인,롯데,2019,1B,-0.486,342.1,-4.72,0.997,-2.28,0.41,0.0,0.0,0.0
한동희,롯데,2022,3B,-0.489,983.0,-4.79,0.928,-5.47,-0.89,0.0,0.0,0.0
안치홍,롯데,2021,2B,-0.506,908.2,-5.15,0.979,-7.1,0.37,0.0,0.0,0.0
렉스,롯데,2022,RF,-0.513,449.1,-5.08,0.982,-2.47,-0.07,0.0,0.0,-1.32
전준우,롯데,2020,LF,-0.52,1154.2,-5.55,0.983,1.03,-0.35,0.0,0.0,0.11
민병헌,롯데,2020,CF,-0.522,686.1,-5.48,1.0,-4.92,0.34,0.0,0.0,-1.81
정훈,롯데,2019,1B,-0.553,413.1,-5.34,0.986,-1.34,-0.26,0.0,0.0,-1.95
신용수,롯데,2021,CF,-0.576,306.0,-5.8,0.971,-4.56,-0.23,0.0,0.0,-0.96
안치홍,롯데,2022,2B,-0.59,1060.0,-5.75,0.983,-5.41,0.24,0.0,0.0,0.0
정훈,롯데,2021,1B,-0.612,921.0,-6.18,0.999,-0.56,1.36,0.0,0.0,-0.29
오윤석,롯데,2019,1B,-0.658,482.0,-6.32,0.986,-4.21,-0.04,0.0,0.0,0.0
정훈,롯데,2020,CF,-0.66,768.0,-7.08,0.996,-4.44,0.38,0.0,0.0,-0.31
피터스,롯데,2022,CF,-0.687,755.2,-6.67,0.982,-5.85,-0.09,0.0,0.0,-1.16
손아섭,롯데,2018,RF,-0.729,1068.2,-8.3,0.984,2.21,-0.15,0.0,0.0,-4.1
강로한,롯데,2019,2B,-0.852,709.0,-8.28,0.947,-8.28,-2.05,0.0,0.0,0.0
황성빈,롯데,2022,CF,-0.967,691.2,-9.41,0.958,-6.73,-0.93,0.0,0.0,-0.87
채태인,롯데,2018,1B,-1.056,696.1,-11.83,0.994,-5.45,0.31,0.0,0.0,0.0
손아섭,롯데,2019,RF,-1.124,1066.2,-10.99,0.985,-3.34,0.05,0.0,0.0,-2.33
전준우,롯데,2021,LF,-1.138,969.0,-11.68,1.0,-5.98,0.44,0.0,0.0,-1.02
손아섭,롯데,2021,RF,-1.222,1118.0,-12.43,0.978,-2.05,-0.26,0.0,0.0,-4.27
손아섭,롯데,2020,RF,-1.319,1056.2,-14.29,0.996,-4.91,0.43,0.0,0.0,-3.91
전준우,롯데,2018,LF,-1.324,1093.2,-15.13,0.986,-8.74,0.25,0.0,0.0,-1.48
전준우,롯데,2019,LF,-2.042,1165.0,-20.21,0.98,-11.13,-0.4,0.0,0.0,-2.87
전준우,롯데,2022,LF,-2.251,925.1,-22.23,0.991,-14.14,0.29,0.0,0.0,-3.44
박찬호,KIA,2020,SS,1.045,1164.1,10.84,0.975,4.13,0.5,0.0,0.0,0.0
박찬호,KIA,2022,SS,0.89,1115.1,8.59,0.962,3.09,0.01,0.0,0.0,0.0
박동원,KIA,2022,C,0.887,818.0,8.59,0.995,-0.77,0.4,1.57,0.61,0.0
김민식,KIA,2018,C,0.825,844.0,9.14,0.995,1.56,0.5,-1.24,0.3,0.0
한승택,KIA,2021,C,0.669,589.0,6.66,0.991,0.81,-0.13,0.66,0.3,0.0
김민식,KIA,2020,C,0.633,470.1,6.61,0.995,1.09,0.27,1.77,-0.74,0.0
한승택,KIA,2019,C,0.633,702.0,6.06,0.992,0.13,-0.08,-0.06,0.31,0.0
이명기,KIA,2018,RF,0.556,969.1,6.17,0.992,13.76,0.24,0.0,0.0,-2.32
박찬호,KIA,2019,3B,0.528,1141.0,5.06,0.968,1.81,0.13,0.0,0.0,0.0
김선빈,KIA,2019,SS,0.522,912.2,5.06,0.978,-0.05,0.82,0.0,0.0,0.0
김민식,KIA,2021,C,0.519,606.0,5.18,0.99,0.16,-0.1,0.16,-0.23,0.0
이범호,KIA,2018,3B,0.494,751.0,5.54,0.982,3.07,1.29,0.0,0.0,0.0
김선빈,KIA,2020,2B,0.488,621.1,5.2,0.992,3.22,0.84,0.0,0.0,0.0
한승택,KIA,2020,C,0.425,597.0,4.47,0.995,-0.44,0.25,-0.33,-0.4,0.0
한승택,KIA,2022,C,0.407,298.2,3.88,1.0,0.46,0.44,0.29,0.26,0.0
김규성,KIA,2020,2B,0.401,486.0,4.19,0.98,2.9,0.04,0.0,0.0,0.0
한승택,KIA,2018,C,0.384,254.2,4.27,0.996,0.61,0.19,0.9,0.13,0.0
김호령,KIA,2021,CF,0.35,394.0,3.49,1.0,0.83,0.19,0.0,0.0,1.8
김호령,KIA,2022,CF,0.289,209.0,2.78,0.958,1.69,-0.46,0.0,0.0,1.21
황윤호,KIA,2018,SS,0.286,205.1,3.16,0.971,2.37,0.01,0.0,0.0,0.0
소크라테스,KIA,2022,CF,0.196,1084.2,1.92,0.985,5.55,-0.29,0.0,0.0,-4.66
김민식,KIA,2022,C,0.188,148.0,1.8,0.987,1.0,-0.18,0.3,-0.53,0.0
황윤호,KIA,2019,2B,0.185,297.2,1.79,0.956,1.61,-0.43,0.0,0.0,0.0
이창진,KIA,2021,CF,0.177,631.1,1.76,0.995,4.11,0.1,0.0,0.0,-3.03
최형우,KIA,2019,LF,0.169,350.0,1.66,1.0,3.5,0.18,0.0,0.0,-0.24
백용환,KIA,2020,C,0.157,199.0,1.66,0.982,0.01,-0.32,0.19,-0.03,0.0
홍종표,KIA,2020,2B,0.151,192.2,1.57,1.0,0.78,0.45,0.0,0.0,0.0
신범수,KIA,2019,C,0.148,126.2,1.44,0.992,0.0,-0.03,0.39,0.03,0.0
황윤호,KIA,2020,3B,0.141,160.1,1.48,0.931,1.5,-0.32,0.0,0.0,0.0
박민,KIA,2021,SS,0.14,94.2,1.37,0.949,0.93,-0.04,0.0,0.0,0.0
김민식,KIA,2019,C,0.137,260.0,1.31,0.986,0.15,-0.26,-0.35,-0.37,0.0
김도영,KIA,2022,3B,0.134,567.2,1.29,0.941,0.58,-0.75,0.0,0.0,0.0
박준태,KIA,2019,RF,0.106,126.1,1.01,1.0,-0.2,0.1,0.0,0.0,1.62
김태진,KIA,2021,3B,0.104,830.2,1.04,0.937,0.45,-0.84,0.0,0.0,0.0
나주환,KIA,2021,3B,0.091,53.2,0.9,1.0,0.75,0.15,0.0,0.0,0.0
백용환,KIA,2019,C,0.089,104.1,0.86,0.979,-0.25,-0.26,0.31,0.21,0.0
이영욱,KIA,2018,CF,0.081,41.0,0.88,1.0,1.05,0.02,0.0,0.0,-0.21
박찬호,KIA,2021,SS,0.078,1100.1,0.78,0.956,-4.31,-0.57,0.0,0.0,0.0
최정용,KIA,2022,2B,0.074,49.2,0.71,0.952,0.69,-0.07,0.0,0.0,0.0
나지완,KIA,2018,LF,0.074,58.2,0.83,1.0,1.36,0.04,0.0,0.0,-0.23
류지혁,KIA,2020,3B,0.067,39.0,0.72,0.938,0.73,-0.09,0.0,0.0,0.0
최정민,KIA,2021,CF,0.062,59.0,0.62,1.0,0.7,0.05,0.0,0.0,-0.09
최정용,KIA,2021,2B,0.052,101.2,0.52,0.964,0.47,-0.12,0.0,0.0,0.0
이진영,KIA,2021,CF,0.052,107.0,0.53,1.0,0.2,0.06,0.0,0.0,0.3
한준수,KIA,2019,C,0.047,39.0,0.45,1.0,0.08,0.05,-0.08,0.09,0.0
이진영,KIA,2019,RF,0.047,40.0,0.44,1.0,0.54,0.03,0.0,0.0,0.02
박정우,KIA,2022,CF,0.043,19.0,0.42,1.0,0.42,0.01,0.0,0.0,-0.04
백용환,KIA,2018,C,0.041,119.1,0.46,0.979,-0.36,-0.22,-0.07,-0.04,0.0
박정우,KIA,2021,CF,0.041,159.0,0.4,1.0,0.32,0.08,0.0,0.0,-0.07
최형우,KIA,2021,LF,0.037,10.0,0.37,1.0,0.42,0.0,0.0,0.0,-0.0
김선빈,KIA,2022,2B,0.035,1137.0,0.34,0.983,-2.59,1.03,0.0,0.0,0.0
서동욱,KIA,2018,1B,0.027,89.1,0.3,0.988,0.96,-0.04,0.0,0.0,0.0
김영환,KIA,2020,2B,0.026,14.0,0.27,1.0,0.2,0.04,0.0,0.0,0.0
박민,KIA,2022,3B,0.023,8.0,0.22,1.0,0.17,0.03,0.0,0.0,0.0
이창진,KIA,2018,LF,0.019,7.0,0.21,1.0,0.17,0.02,0.0,0.0,0.0
류승현,KIA,2022,RF,0.018,2.0,0.17,1.0,0.18,0.0,0.0,0.0,-0.0
강경학,KIA,2021,2B,0.018,36.0,0.18,0.96,0.18,-0.09,0.0,0.0,0.0
최형우,KIA,2022,LF,0.018,133.0,0.17,1.0,1.27,0.09,0.0,0.0,-0.51
신범수,KIA,2018,C,0.012,54.2,0.14,1.0,-0.09,0.08,-0.12,-0.22,0.0
문선재,KIA,2020,LF,0.012,25.0,0.12,1.0,0.12,0.01,0.0,0.0,0.07
이정훈,KIA,2019,C,0.009,32.0,0.09,1.0,0.0,0.04,-0.35,0.13,0.0
권혁경,KIA,2021,C,0.007,41.0,0.07,1.0,-0.0,0.06,-0.16,-0.17,0.0
이범호,KIA,2019,1B,0.004,15.0,0.04,1.0,0.09,0.03,0.0,0.0,0.0
이정훈,KIA,2020,C,0.004,3.0,0.04,1.0,0.0,0.0,0.0,0.01,0.0
유민상,KIA,2018,1B,0.004,28.0,0.04,1.0,0.15,0.04,0.0,0.0,0.08
권혁경,KIA,2022,C,-0.001,4.0,-0.01,1.0,0.0,0.01,0.0,-0.05,0.0
신범수,KIA,2022,C,-0.002,8.0,-0.02,1.0,0.0,0.01,-0.06,-0.03,0.0
백용환,KIA,2021,C,-0.002,3.0,-0.02,1.0,-0.0,0.01,0.0,0.0,0.0
김선우,KIA,2022,C,-0.002,3.0,-0.02,1.0,0.0,0.0,0.0,-0.05,0.0
김석환,KIA,2018,1B,-0.003,4.0,-0.03,1.0,0.0,0.01,0.0,0.0,0.0
홍재호,KIA,2019,2B,-0.003,49.0,-0.03,0.962,-0.05,-0.08,0.0,0.0,0.0
오선우,KIA,2019,RF,-0.004,120.2,-0.04,1.0,-1.65,0.1,0.0,0.0,2.12
오선우,KIA,2021,LF,-0.005,33.1,-0.05,1.0,-0.15,0.02,0.0,0.0,0.26
임석진,KIA,2022,3B,-0.011,39.2,-0.11,1.0,-0.13,0.1,0.0,0.0,0.0
오정환,KIA,2021,2B,-0.013,31.0,-0.13,0.929,-0.07,-0.12,0.0,0.0,0.0
박민,KIA,2020,3B,-0.014,5.0,-0.15,0.75,0.03,-0.18,0.0,0.0,0.0
해즐베이커,KIA,2019,CF,-0.017,84.0,-0.16,0.963,-0.78,-0.15,0.0,0.0,0.7
황대인,KIA,2019,1B,-0.017,48.0,-0.16,1.0,0.12,0.09,0.0,0.0,0.0
김주형,KIA,2018,3B,-0.019,16.2,-0.21,0.875,-0.06,-0.16,0.0,0.0,0.0
고장혁,KIA,2020,3B,-0.021,30.0,-0.22,1.0,-0.37,0.09,0.0,0.0,0.0
이인행,KIA,2018,1B,-0.026,5.0,-0.29,1.0,-0.25,0.01,0.0,0.0,-0.0
최정용,KIA,2019,2B,-0.029,36.0,-0.28,0.95,-0.15,-0.12,0.0,0.0,0.0
이정훈,KIA,2021,C,-0.032,33.0,-0.32,0.929,-0.0,-0.35,-0.25,-0.0,0.0
오정환,KIA,2019,2B,-0.042,76.0,-0.4,0.971,-0.48,-0.01,0.0,0.0,0.0
최형우,KIA,2020,LF,-0.047,8.0,-0.51,1.0,-0.21,0.0,0.0,0.0,-0.27
최정민,KIA,2019,CF,-0.048,14.0,-0.45,1.0,-0.4,0.01,0.0,0.0,-0.06
김태진,KIA,2022,1B,-0.053,6.0,-0.51,0.5,-0.33,-0.18,0.0,0.0,0.0
이인행,KIA,2019,RF,-0.055,37.0,-0.53,1.0,-0.14,0.03,0.0,0.0,-0.24
류지혁,KIA,2022,3B,-0.06,950.2,-0.59,0.966,-0.65,0.06,0.0,0.0,0.0
이창진,KIA,2019,CF,-0.068,1017.1,-0.66,0.984,-2.11,-0.27,0.0,0.0,0.02
김규성,KIA,2021,2B,-0.068,140.2,-0.68,0.95,-0.78,-0.35,0.0,0.0,0.0
최정용,KIA,2020,2B,-0.068,127.1,-0.72,0.971,-0.87,-0.08,0.0,0.0,0.0
오준혁,KIA,2018,LF,-0.074,38.1,-0.83,1.0,-0.79,0.03,0.0,0.0,0.06
김선빈,KIA,2018,SS,-0.081,962.0,-0.9,0.974,-7.13,0.69,0.0,0.0,0.0
이진영,KIA,2020,RF,-0.081,33.0,-0.86,0.929,0.51,-0.18,0.0,0.0,-1.01
최정민,KIA,2020,2B,-0.085,17.1,-0.9,0.857,-0.76,-0.16,0.0,0.0,0.0
김주찬,KIA,2020,1B,-0.086,38.0,-0.92,1.0,-0.63,0.06,0.0,0.0,0.0
이우성,KIA,2021,LF,-0.089,257.2,-0.89,0.984,0.52,-0.08,0.0,0.0,-0.0
김규성,KIA,2022,2B,-0.095,172.2,-0.92,0.978,-0.95,0.06,0.0,0.0,0.0
이우성,KIA,2019,LF,-0.1,151.2,-0.96,0.971,0.35,-0.12,0.0,0.0,-0.59
황윤호,KIA,2021,3B,-0.102,41.1,-1.02,0.833,-0.81,-0.28,0.0,0.0,0.0
나주환,KIA,2020,3B,-0.108,500.0,-1.15,0.944,-1.63,-0.29,0.0,0.0,0.0
오선우,KIA,2020,RF,-0.116,111.0,-1.23,1.0,-1.07,0.07,0.0,0.0,0.38
황대인,KIA,2020,1B,-0.128,260.1,-1.36,0.987,1.4,-0.39,0.0,0.0,0.0
김석환,KIA,2022,LF,-0.132,204.2,-1.26,1.0,0.54,0.17,0.0,0.0,-0.86
이창진,KIA,2022,LF,-0.148,776.2,-1.44,1.0,1.27,0.51,0.0,0.0,0.43
정성훈,KIA,2018,1B,-0.148,308.0,-1.66,0.973,0.79,-0.59,0.0,0.0,0.0
류승현,KIA,2018,3B,-0.154,156.2,-1.73,0.918,-1.67,-0.36,0.0,0.0,0.0
이명기,KIA,2019,RF,-0.156,594.0,-1.53,0.994,4.51,0.23,0.0,0.0,-3.8
고종욱,KIA,2022,LF,-0.162,28.0,-1.58,1.0,-1.33,0.02,0.0,0.0,-0.12
김석환,KIA,2021,1B,-0.195,35.0,-2.01,0.951,-1.37,-0.33,0.0,0.0,0.0
유재신,KIA,2019,LF,-0.2,155.2,-1.93,0.977,0.03,-0.1,0.0,0.0,-1.18
이우성,KIA,2020,LF,-0.202,101.0,-2.13,1.0,-1.34,0.06,0.0,0.0,-0.43
홍재호,KIA,2018,2B,-0.202,209.2,-2.26,0.955,-2.34,-0.24,0.0,0.0,0.0
김호령,KIA,2020,CF,-0.205,361.2,-2.17,0.979,-4.29,-0.22,0.0,0.0,1.69
고영우,KIA,2019,3B,-0.206,94.1,-1.99,0.879,-1.43,-0.55,0.0,0.0,0.0
유민상,KIA,2021,1B,-0.218,118.0,-2.2,1.0,-1.4,0.22,0.0,0.0,0.0
김태진,KIA,2020,3B,-0.22,401.0,-2.29,0.95,-2.84,-0.17,0.0,0.0,0.0
문선재,KIA,2019,LF,-0.224,133.1,-2.17,0.962,-1.05,-0.27,0.0,0.0,-0.03
최원준,KIA,2019,3B,-0.235,501.0,-2.25,0.96,-2.6,-0.14,0.0,0.0,0.44
최정민,KIA,2018,2B,-0.258,216.2,-2.88,0.965,-2.55,-0.22,0.0,0.0,-0.51
이창진,KIA,2020,CF,-0.26,178.2,-2.82,1.0,-4.08,0.09,0.0,0.0,0.85
장영석,KIA,2020,3B,-0.269,84.0,-2.83,0.93,-2.32,-0.38,0.0,0.0,0.0
박준태,KIA,2018,RF,-0.283,337.2,-3.16,0.98,0.21,-0.19,0.0,0.0,-1.62
김선빈,KIA,2021,2B,-0.285,1017.2,-2.89,0.987,-5.92,1.26,0.0,0.0,0.0
류지혁,KIA,2021,3B,-0.336,672.2,-3.39,0.981,-1.43,0.11,0.0,0.0,0.0
나지완,KIA,2019,LF,-0.339,78.0,-3.29,1.0,-1.88,0.04,0.0,0.0,-1.07
유재신,KIA,2018,LF,-0.369,125.2,-4.17,0.971,-2.97,-0.11,0.0,0.0,-0.66
최원준,KIA,2018,SS,-0.383,679.2,-4.26,0.958,-3.09,-1.3,0.0,0.0,0.14
류승현,KIA,2019,1B,-0.384,309.2,-3.71,0.996,-2.6,0.41,0.0,0.0,0.0
유민상,KIA,2019,1B,-0.463,285.0,-4.54,0.99,-2.05,-0.09,0.0,0.0,0.0
나지완,KIA,2021,LF,-0.489,176.0,-4.9,1.0,-3.43,0.08,0.0,0.0,-0.64
안치홍,KIA,2018,2B,-0.512,939.2,-5.83,0.985,-7.65,0.83,0.0,0.0,0.0
이우성,KIA,2022,LF,-0.569,280.0,-5.53,0.968,-3.33,-0.2,0.0,0.0,-0.66
김주찬,KIA,2019,1B,-0.611,604.1,-5.92,0.989,-2.39,-0.2,0.0,0.0,1.48
황대인,KIA,2021,1B,-0.612,546.0,-6.13,0.994,-1.87,0.43,0.0,0.0,0.0
버나디나,KIA,2018,CF,-0.671,1074.2,-7.61,0.985,-8.82,-0.22,0.0,0.0,-0.29
나성범,KIA,2022,RF,-0.791,1131.2,-7.85,0.987,0.2,0.32,0.0,0.0,-2.59
터커,KIA,2019,RF,-0.934,768.0,-9.24,0.977,-3.09,-0.28,0.0,0.0,-1.95
최원준,KIA,2020,CF,-0.954,796.0,-10.24,0.982,-9.44,-0.39,0.0,0.0,-1.25
터커,KIA,2021,LF,-0.98,990.1,-9.83,0.992,-2.02,0.21,0.0,0.0,-2.07
최형우,KIA,2018,LF,-1.007,840.2,-11.48,0.98,-4.23,-0.12,0.0,0.0,-2.21
안치홍,KIA,2019,2B,-1.027,805.1,-10.12,0.977,-10.31,-0.4,0.0,0.0,0.0
최원준,KIA,2021,RF,-1.057,1244.0,-10.71,0.979,-2.39,-0.59,0.0,0.0,-1.81
김주찬,KIA,2018,1B,-1.11,827.0,-12.57,0.996,-4.96,0.68,0.0,0.0,-0.48
유민상,KIA,2020,1B,-1.14,932.0,-12.09,0.99,-3.29,-0.33,0.0,0.0,0.0
황대인,KIA,2022,1B,-1.171,1041.1,-11.33,0.993,-3.28,0.59,0.0,0.0,0.0
나지완,KIA,2020,LF,-1.378,1018.2,-14.81,0.995,-6.28,0.37,0.0,0.0,-3.27
터커,KIA,2020,RF,-2.039,1180.0,-22.24,0.996,-10.58,0.5,0.0,0.0,-5.55
심우준,kt,2019,SS,1.247,1039.0,12.01,0.98,6.02,1.05,0.0,0.0,0.0
황재균,kt,2019,3B,1.093,1026.2,10.66,0.97,8.11,0.73,0.0,0.0,0.0
박경수,kt,2019,2B,0.946,983.2,9.14,0.984,7.06,0.45,0.0,0.0,0.0
심우준,kt,2020,SS,0.919,1157.0,9.59,0.969,4.1,-0.73,0.0,0.0,0.0
심우준,kt,2022,SS,0.889,1048.1,8.53,0.97,2.4,0.96,0.0,0.0,0.0
배정대,kt,2020,CF,0.803,1221.1,8.53,0.987,1.58,-0.41,0.0,0.0,5.13
심우준,kt,2021,SS,0.792,1066.0,7.93,0.966,2.15,0.29,0.0,0.0,0.0
장성우,kt,2020,C,0.782,952.0,8.28,0.996,-0.65,0.75,-0.89,0.43,0.0
배정대,kt,2021,CF,0.757,1189.1,7.61,0.991,3.56,-0.04,0.0,0.0,2.04
장성우,kt,2019,C,0.738,911.2,7.11,0.993,-0.76,0.2,0.08,0.06,0.0
박경수,kt,2020,2B,0.722,746.1,7.67,0.983,6.19,0.13,0.0,0.0,0.0
심우준,kt,2018,SS,0.671,921.0,7.41,0.974,2.35,0.31,0.0,0.0,0.0
장성우,kt,2022,C,0.631,763.2,6.15,0.99,-1.4,-0.28,-0.13,1.59,0.0
장성우,kt,2021,C,0.594,813.1,5.95,0.991,0.13,-0.19,-1.38,0.4,0.0
송민섭,kt,2021,RF,0.562,245.0,5.64,1.0,4.13,0.14,0.0,0.0,2.42
홍현빈,kt,2022,RF,0.525,253.2,5.01,0.985,5.84,-0.01,0.0,0.0,0.16
로하스,kt,2018,CF,0.485,1210.1,5.49,0.989,-0.1,0.07,0.0,0.0,3.81
장성우,kt,2018,C,0.468,896.2,5.19,0.989,-1.51,-0.42,-0.55,-0.86,0.0
김준태,kt,2022,C,0.463,504.2,4.49,0.995,0.63,0.34,-0.29,-0.38,0.0
박경수,kt,2021,2B,0.445,522.0,4.44,0.99,2.78,0.76,0.0,0.0,0.0
송민섭,kt,2020,LF,0.441,217.0,4.66,1.0,1.73,0.12,0.0,0.0,3.71
오윤석,kt,2021,2B,0.422,292.2,4.22,1.0,3.83,0.71,0.0,0.0,0.0
송민섭,kt,2019,RF,0.416,183.0,4.02,1.0,3.75,0.12,0.0,0.0,0.79
박기혁,kt,2018,SS,0.392,492.2,4.32,0.985,1.32,0.71,0.0,0.0,0.0
신본기,kt,2021,2B,0.371,480.2,3.7,0.98,2.08,0.62,0.0,0.0,0.0
황재균,kt,2022,3B,0.35,1154.2,3.38,0.961,0.51,1.02,0.0,0.0,0.0
호잉,kt,2021,RF,0.349,580.0,3.48,0.978,5.2,-0.22,0.0,0.0,1.29
허도환,kt,2021,C,0.334,290.1,3.33,0.996,0.69,0.23,-0.3,0.23,0.0
이해창,kt,2018,C,0.313,351.2,3.46,0.994,0.07,0.14,-0.07,-0.01,0.0
신본기,kt,2022,SS,0.298,335.1,2.84,0.993,0.9,0.91,0.0,0.0,0.0
장준원,kt,2022,2B,0.298,151.2,2.86,1.0,2.02,0.47,0.0,0.0,0.0
박경수,kt,2022,2B,0.296,413.1,2.82,0.971,2.44,-0.3,0.0,0.0,0.0
박경수,kt,2018,2B,0.212,1016.0,2.37,0.979,0.51,-0.09,0.0,0.0,0.0
배정대,kt,2019,DH,0.199,213.1,1.89,0.985,1.61,-0.07,0.0,0.0,0.43
황재균,kt,2020,3B,0.197,1125.0,2.12,0.962,-0.66,0.83,0.0,0.0,0.0
배정대,kt,2022,CF,0.182,1195.2,1.76,0.991,-2.29,0.18,0.0,0.0,1.89
박승욱,kt,2019,1B,0.175,512.0,1.67,0.987,3.15,0.1,0.0,0.0,0.0
김민혁,kt,2022,LF,0.174,459.0,1.67,1.0,2.82,0.3,0.0,0.0,0.81
이홍구,kt,2021,C,0.149,142.0,1.48,1.0,-0.0,0.21,0.16,-0.1,0.0
홍현빈,kt,2018,LF,0.123,42.0,1.36,1.0,1.36,0.03,0.0,0.0,0.17
고명성,kt,2019,SS,0.12,59.0,1.15,0.939,1.16,-0.23,0.0,0.0,0.0
이창진,kt,2018,LF,0.103,69.2,1.14,1.0,1.96,0.05,0.0,0.0,-0.48
하준호,kt,2018,LF,0.1,60.0,1.09,1.0,0.31,0.04,0.0,0.0,1.06
이해창,kt,2019,C,0.1,103.1,0.95,0.987,0.01,-0.06,0.49,-0.33,0.0
오윤석,kt,2022,2B,0.087,752.1,0.84,0.98,1.19,-0.11,0.0,0.0,0.0
오태곤,kt,2020,LF,0.086,95.2,0.91,1.0,0.5,0.05,0.0,0.0,0.87
김병희,kt,2020,3B,0.085,61.1,0.9,0.966,1.0,-0.04,0.0,0.0,0.0
김진곤,kt,2019,LF,0.085,50.1,0.81,1.0,1.04,0.03,0.0,0.0,-0.13
문상철,kt,2020,1B,0.085,235.1,0.89,0.994,2.93,0.08,0.0,0.0,-0.31
이준수,kt,2019,C,0.08,140.2,0.77,0.981,-0.07,-0.22,-0.06,-0.04,0.0
홍현빈,kt,2021,LF,0.076,54.2,0.76,1.0,0.64,0.03,0.0,0.0,0.38
권동진,kt,2022,2B,0.07,110.2,0.67,0.986,0.24,0.14,0.0,0.0,0.0
김영환,kt,2020,2B,0.06,21.2,0.64,1.0,0.55,0.05,0.0,0.0,0.0
배정대,kt,2018,RF,0.044,27.2,0.49,1.0,0.82,0.02,0.0,0.0,-0.2
홍현빈,kt,2020,LF,0.043,79.0,0.45,1.0,1.23,0.04,0.0,0.0,-0.56
허도환,kt,2020,C,0.043,151.1,0.45,0.974,-0.03,-0.38,-0.08,-0.42,0.0
강민국,kt,2021,2B,0.042,108.0,0.41,0.986,0.15,0.08,0.0,0.0,0.0
박민석,kt,2019,SS,0.041,3.0,0.39,1.0,0.37,0.01,0.0,0.0,0.0
이대형,kt,2019,CF,0.035,6.0,0.34,1.0,0.4,0.0,0.0,0.0,-0.06
안승한,kt,2019,C,0.035,119.0,0.33,0.979,-0.34,-0.24,-0.06,0.0,0.0
송민섭,kt,2022,RF,0.031,225.0,0.29,0.983,1.16,-0.03,0.0,0.0,0.1
오승택,kt,2019,1B,0.031,404.0,0.3,0.987,4.21,-0.29,0.0,0.0,-0.34
고명성,kt,2021,SS,0.03,6.2,0.3,1.0,0.25,0.02,0.0,0.0,0.0
김병희,kt,2019,3B,0.026,16.0,0.24,1.0,0.17,0.05,0.0,0.0,0.0
문상인,kt,2022,C,0.022,13.2,0.21,1.0,0.0,0.02,0.08,-0.01,0.0
김태훈,kt,2022,1B,0.02,20.0,0.18,1.0,0.18,0.04,0.0,0.0,0.12
김준태,kt,2021,C,0.011,16.0,0.11,0.941,-0.0,-0.18,0.15,-0.0,0.0
유준규,kt,2022,2B,0.008,4.0,0.08,1.0,0.05,0.01,0.0,0.0,0.0
고명성,kt,2018,SS,0.007,6.0,0.07,1.0,0.03,0.02,0.0,0.0,0.0
문상인,kt,2020,C,0.003,7.0,0.04,1.0,0.0,0.01,0.0,-0.04,0.0
고명성,kt,2022,2B,0.003,1.0,0.03,1.0,0.02,0.0,0.0,0.0,0.0
조대현,kt,2022,C,0.001,5.1,0.01,1.0,0.0,0.01,-0.06,0.02,0.0
권동진,kt,2021,SS,0.0,240.0,0.0,0.939,-0.09,-0.8,0.0,0.0,0.0
이준수,kt,2018,C,0.0,26.0,0.0,1.0,0.0,0.04,-0.14,-0.14,0.0
강현우,kt,2020,C,-0.005,81.1,-0.05,0.984,-0.04,-0.08,-0.02,-0.65,0.0
이홍구,kt,2020,C,-0.011,98.2,-0.12,0.985,0.0,-0.06,-0.78,-0.18,0.0
조용호,kt,2020,LF,-0.014,720.1,-0.14,0.994,2.77,0.21,0.0,0.0,0.79
조용호,kt,2022,RF,-0.016,986.2,-0.16,1.0,3.13,0.75,0.0,0.0,0.89
김동명,kt,2018,RF,-0.021,24.1,-0.23,1.0,0.04,0.02,0.0,0.0,-0.15
남태혁,kt,2018,1B,-0.023,6.0,-0.25,1.0,-0.2,0.01,0.0,0.0,0.0
박준혁,kt,2020,RF,-0.023,12.0,-0.25,1.0,0.05,0.01,0.0,0.0,-0.24
정주후,kt,2020,2B,-0.025,7.0,-0.26,0.667,-0.09,-0.18,0.0,0.0,0.0
오정복,kt,2018,LF,-0.025,2.0,-0.27,1.0,-0.26,0.0,0.0,0.0,-0.0
송민섭,kt,2018,LF,-0.026,100.2,-0.29,0.952,0.17,-0.13,0.0,0.0,0.21
김건형,kt,2021,RF,-0.026,85.0,-0.26,1.0,-0.74,0.06,0.0,0.0,0.86
강백호,kt,2022,1B,-0.027,111.0,-0.26,0.98,0.85,-0.19,0.0,0.0,0.0
양승혁,kt,2022,2B,-0.031,15.0,-0.3,0.857,-0.17,-0.16,0.0,0.0,0.0
문상준,kt,2022,SS,-0.036,8.0,-0.35,1.0,-0.41,0.03,0.0,0.0,0.0
문상철,kt,2019,1B,-0.046,104.1,-0.45,0.965,1.03,-0.61,0.0,0.0,0.0
안치영,kt,2019,3B,-0.052,13.0,-0.51,1.0,-0.56,0.03,0.0,0.0,0.0
정현,kt,2019,2B,-0.054,21.0,-0.52,1.0,-0.62,0.06,0.0,0.0,0.0
김진곤,kt,2018,RF,-0.059,42.0,-0.66,1.0,-0.28,0.03,0.0,0.0,-0.21
천성호,kt,2021,1B,-0.06,90.1,-0.6,0.944,0.01,-0.38,0.0,0.0,0.0
오준혁,kt,2018,LF,-0.063,58.0,-0.69,0.941,-0.69,-0.16,0.0,0.0,0.49
문상철,kt,2021,1B,-0.073,69.2,-0.73,1.0,-0.28,0.13,0.0,0.0,-0.01
김영환,kt,2019,2B,-0.076,28.0,-0.73,1.0,-0.87,0.07,0.0,0.0,0.0
박병호,kt,2022,1B,-0.078,873.0,-0.77,0.993,6.29,0.27,0.0,0.0,0.0
김민혁,kt,2021,LF,-0.079,243.0,-0.79,0.982,1.82,-0.09,0.0,0.0,-1.29
문상철,kt,2022,1B,-0.082,41.0,-0.79,1.0,-0.56,0.08,0.0,0.0,0.02
황재균,kt,2018,3B,-0.084,1132.1,-0.95,0.959,-1.75,-0.32,0.0,0.0,0.0
김병희,kt,2021,3B,-0.091,150.2,-0.93,0.915,-0.61,-0.56,0.0,0.0,0.0
천성호,kt,2020,2B,-0.112,182.1,-1.18,0.965,-1.42,-0.12,0.0,0.0,0.0
박승욱,kt,2021,2B,-0.121,14.0,-1.24,0.8,-0.88,-0.36,0.0,0.0,0.0
유한준,kt,2021,RF,-0.121,84.1,-1.23,1.0,-0.48,0.06,0.0,0.0,-0.37
로하스,kt,2019,CF,-0.148,1086.2,-1.46,0.98,-1.19,-0.55,0.0,0.0,0.76
이시원,kt,2022,RF,-0.154,58.0,-1.49,1.0,-1.37,0.04,0.0,0.0,0.11
김병희,kt,2022,1B,-0.177,113.0,-1.7,0.976,-0.92,-0.15,0.0,0.0,0.0
유한준,kt,2020,RF,-0.178,129.2,-1.89,1.0,-1.32,0.08,0.0,0.0,0.06
라모스,kt,2022,RF,-0.187,157.0,-1.81,0.933,-1.36,-0.27,0.0,0.0,0.61
오태곤,kt,2018,LF,-0.19,763.0,-2.11,0.995,2.96,0.35,0.0,0.0,-0.48
전민수,kt,2018,LF,-0.193,59.1,-2.14,1.0,-1.55,0.05,0.0,0.0,-0.3
김민혁,kt,2020,LF,-0.218,399.0,-2.3,0.962,1.37,-0.58,0.0,0.0,-0.96
강민국,kt,2020,2B,-0.22,315.2,-2.32,0.966,-3.07,-0.15,0.0,0.0,0.0
김사연,kt,2018,RF,-0.22,103.0,-2.46,0.95,-1.89,-0.28,0.0,0.0,0.02
김민혁,kt,2019,LF,-0.242,902.0,-2.33,0.982,4.91,-0.31,0.0,0.0,-3.71
이진영,kt,2018,RF,-0.265,271.0,-2.96,1.0,-1.14,0.17,0.0,0.0,-0.43
조용호,kt,2019,RF,-0.265,328.0,-2.57,1.0,-0.76,0.23,0.0,0.0,-1.04
로하스,kt,2020,RF,-0.267,890.0,-2.92,0.983,2.78,-0.27,0.0,0.0,-0.42
알몬테,kt,2021,LF,-0.272,241.0,-2.74,0.964,-0.89,-0.29,0.0,0.0,-0.32
김태훈,kt,2021,RF,-0.286,118.0,-2.86,1.0,-2.27,0.08,0.0,0.0,-0.04
윤석민,kt,2019,1B,-0.306,308.2,-2.93,0.978,-1.36,-0.31,0.0,0.0,0.0
오태곤,kt,2019,DH,-0.316,389.2,-3.04,0.99,0.1,-0.15,0.0,0.0,0.0
황재균,kt,2021,3B,-0.362,940.1,-3.67,0.939,-5.01,-0.28,0.0,0.0,0.0
박승욱,kt,2020,2B,-0.396,333.2,-4.21,0.969,-3.72,-0.64,0.0,0.0,0.0
강백호,kt,2019,RF,-0.418,622.2,-4.15,0.98,-1.9,-0.1,0.0,0.01,0.82
정현,kt,2018,SS,-0.423,271.2,-4.72,0.943,-4.88,-0.81,0.0,0.0,0.0
조용호,kt,2021,LF,-0.433,918.2,-4.32,1.0,-4.95,0.48,0.0,0.0,4.8
강민국,kt,2019,SS,-0.433,245.2,-4.21,0.936,-4.14,-1.07,0.0,0.0,0.0
유한준,kt,2019,RF,-0.499,388.2,-4.91,0.977,-3.89,-0.09,0.0,0.0,1.04
강백호,kt,2020,1B,-0.649,1081.0,-7.01,0.991,3.31,-0.31,0.0,0.0,-0.06
강백호,kt,2018,LF,-0.939,539.1,-10.58,0.952,-8.04,-0.76,0.0,0.0,1.35
유한준,kt,2018,RF,-0.941,700.2,-10.7,1.0,-7.52,0.42,0.0,0.0,-0.21
알포드,kt,2022,LF,-0.963,522.0,-9.51,0.958,-5.89,-0.45,0.0,0.0,-0.66
윤석민,kt,2018,1B,-1.158,997.0,-12.94,0.993,-4.12,0.25,0.0,0.0,0.0
강백호,kt,2021,1B,-1.53,1099.2,-15.83,0.984,-3.86,-1.77,0.0,-0.13,-0.44
